id,name,pattern,group,tier,han,status,hits,share_of_wins,per_game,combo_sets,combo_rate
Y001,ちら見せ,はしご(修飾牌),mod:見せ,2,1,仮,59,0.05108225108225108,0.0059,25095,0.0421293848052177
Y002,見せたがり,はしご(修飾牌),mod:見せ,3,2,仮,1,0.0008658008658008658,0.0001,1155,0.0019390093424995593
Y003,露出狂,はしご(修飾牌),mod:見せ,4,3,仮,0,0.0,0.0,15,2.518193951298129e-05
Y004,デカめ,はしご(修飾牌),mod:デカ,2,1,仮,13,0.011255411255411256,0.0013,10503,0.017632394046989498
Y005,デカ盛り,はしご(修飾牌),mod:デカ,3,2,仮,0,0.0,0.0,237,0.0003978746443051044
Y006,規格外,はしご(修飾牌),mod:デカ,4,3,仮,0,0.0,0.0,1,1.678795967532086e-06
Y007,ちょいエロ,はしご(修飾牌),mod:エロ,2,1,仮,62,0.05367965367965368,0.0062,25095,0.0421293848052177
Y008,エロ全開,はしご(修飾牌),mod:エロ,3,2,仮,2,0.0017316017316017316,0.0002,1155,0.0019390093424995593
Y009,エロの化身,はしご(修飾牌),mod:エロ,4,3,仮,0,0.0,0.0,15,2.518193951298129e-05
Y010,しっとり,はしご(修飾牌),mod:ぬれ,2,1,仮,15,0.012987012987012988,0.0015,10503,0.017632394046989498
Y011,びしょ濡れ,はしご(修飾牌),mod:ぬれ,3,2,仮,0,0.0,0.0,237,0.0003978746443051044
Y012,大洪水,はしご(修飾牌),mod:ぬれ,4,3,仮,0,0.0,0.0,1,1.678795967532086e-06
Y013,穴ふたつ,はしご(修飾牌),mod:穴,2,1,仮,29,0.025108225108225107,0.0029,17115,0.02873259298431165
Y014,穴だらけ,はしご(修飾牌),mod:穴,3,2,仮,2,0.0017316017316017316,0.0002,585,0.0009820956410062703
Y015,穴という穴,はしご(修飾牌),mod:穴,4,3,仮,0,0.0,0.0,5,8.39397983766043e-06
Y016,上目づかい,はしご(修飾牌),mod:媚,2,1,仮,13,0.011255411255411256,0.0013,10503,0.017632394046989498
Y017,媚び媚び,はしご(修飾牌),mod:媚,3,2,仮,0,0.0,0.0,237,0.0003978746443051044
Y018,媚び堕ち,はしご(修飾牌),mod:媚,4,3,仮,0,0.0,0.0,1,1.678795967532086e-06
Y019,ハート多め,はしご(修飾牌),mod:♡,2,1,仮,49,0.04242424242424243,0.0049,25095,0.0421293848052177
Y020,ハートまみれ,はしご(修飾牌),mod:♡,3,2,仮,1,0.0008658008658008658,0.0001,1155,0.0019390093424995593
Y021,愛より重く,はしご(修飾牌),mod:♡,4,3,仮,0,0.0,0.0,15,2.518193951298129e-05
Y022,ぺろぺろ,はしご(修飾牌),mod:舐,2,1,仮,53,0.04588744588744589,0.0053,25095,0.0421293848052177
Y023,舐め尽くし,はしご(修飾牌),mod:舐,3,2,仮,1,0.0008658008658008658,0.0001,1155,0.0019390093424995593
Y024,全身舐め,はしご(修飾牌),mod:舐,4,3,仮,0,0.0,0.0,15,2.518193951298129e-05
Y025,しこしこ,はしご(修飾牌),mod:コキ,2,1,仮,39,0.033766233766233764,0.0039,25095,0.0421293848052177
Y026,搾り取り,はしご(修飾牌),mod:コキ,3,2,仮,3,0.0025974025974025974,0.0003,1155,0.0019390093424995593
Y027,搾り尽くし,はしご(修飾牌),mod:コキ,4,3,仮,0,0.0,0.0,15,2.518193951298129e-05
Y028,ちん好き,はしご(語幹),stem:ちん,2,1,仮,174,0.15064935064935064,0.0174,44730,0.0750925436277102
Y029,ちんに夢中,はしご(語幹),stem:ちん,3,2,仮,26,0.022510822510822513,0.0026,3150,0.005288207297726071
Y030,童貞目線,はしご(語幹),stem:ちん,4,3,仮,0,0.0,0.0,70,0.00011751571772724602
Y031,まん好き,はしご(語幹),stem:まん,2,1,仮,115,0.09956709956709957,0.0115,44730,0.0750925436277102
Y032,まんに夢中,はしご(語幹),stem:まん,3,2,仮,7,0.006060606060606061,0.0007,3150,0.005288207297726071
Y033,童貞目線,はしご(語幹),stem:まん,4,3,仮,0,0.0,0.0,70,0.00011751571772724602
Y034,けつ好き,はしご(語幹),stem:けつ,2,1,仮,44,0.0380952380952381,0.0044,34335,0.05764145954521417
Y035,けつに夢中,はしご(語幹),stem:けつ,3,2,仮,0,0.0,0.0,1995,0.0033491979552265115
Y036,童貞目線,はしご(語幹),stem:けつ,4,3,仮,0,0.0,0.0,35,5.875785886362301e-05
Y037,ぱい好き,はしご(語幹),stem:ぱい,2,1,仮,27,0.023376623376623377,0.0027,34335,0.05764145954521417
Y038,ぱいに夢中,はしご(語幹),stem:ぱい,3,2,仮,0,0.0,0.0,1995,0.0033491979552265115
Y039,童貞目線,はしご(語幹),stem:ぱい,4,3,仮,0,0.0,0.0,35,5.875785886362301e-05
Y040,くり好き,はしご(語幹),stem:くり,2,1,仮,18,0.015584415584415584,0.0018,34335,0.05764145954521417
Y041,くりに夢中,はしご(語幹),stem:くり,3,2,仮,0,0.0,0.0,1995,0.0033491979552265115
Y042,童貞目線,はしご(語幹),stem:くり,4,3,仮,0,0.0,0.0,35,5.875785886362301e-05
Y043,ちつ好き,はしご(語幹),stem:ちつ,2,1,仮,101,0.08744588744588745,0.0101,25095,0.0421293848052177
Y044,ちつに夢中,はしご(語幹),stem:ちつ,3,2,仮,5,0.004329004329004329,0.0005,1155,0.0019390093424995593
Y045,童貞目線,はしご(語幹),stem:ちつ,4,3,仮,1,0.0008658008658008658,0.0001,15,2.518193951298129e-05
Y046,同じ部位,構造型,,0,2,仮,245,0.21212121212121213,0.0245,92565,0.15539774873460754
Y047,語尾そろい,構造型,,0,2,未定,45,0.03896103896103896,0.0045,9792,0.016438770114074186
Y048,素の言葉,構造型,,0,2,仮,0,0.0,0.0,1820,0.0030554086609083965
Y049,修飾づくし,構造型,,0,1,仮,339,0.2935064935064935,0.0339,178365,0.2994384427488605
Y050,全身くまなく,構造型,,0,1,仮,47,0.04069264069264069,0.0047,14720,0.024711876642072306
Y051,奥まで全部,構造型,,0,1,仮,70,0.06060606060606061,0.007,21000,0.035254715318173806
Y052,キスの雨,カテゴリ集め型,,0,1,仮,0,0.0,0.0,5370,0.009015134345647302
Y053,絶頂そろい,カテゴリ集め型,,0,2,仮,15,0.012987012987012988,0.0015,5370,0.009015134345647302
Y054,まさかのキスアクメ,カテゴリ集め型,,0,4,未定,0,0.0,0.0,15,2.518193951298129e-05
Y055,淫語中毒,ペア型,,0,3,仮,6,0.005194805194805195,0.0006,1830,0.0030721966205837174
Y056,前も後ろも,ペア型,,0,3,仮,3,0.0025974025974025974,0.0003,1830,0.0030721966205837174
Y057,見せ合い,ペア型,,0,3,仮,13,0.011255411255411256,0.0013,1830,0.0030721966205837174
Y058,らぶらぶ,ペア型,,0,3,仮,12,0.01038961038961039,0.0012,1830,0.0030721966205837174
Y059,シックスナイン,ペア型,,0,3,仮,10,0.008658008658008658,0.001,1830,0.0030721966205837174
Y060,連続絶頂,ペア型,zetcho_chain,1,3,仮,4,0.003463203463203463,0.0004,1830,0.0030721966205837174
Y061,むちむちばんばん,ペア型,,0,3,未定,1,0.0008658008658008658,0.0001,1830,0.0030721966205837174
Y062,M気質,ペア型,,0,3,未定,2,0.0017316017316017316,0.0002,1830,0.0030721966205837174
Y063,S気質,ペア型,,0,3,未定,0,0.0,0.0,1830,0.0030721966205837174
Y064,主従,ペア型,,0,2,仮,3,0.0025974025974025974,0.0003,3659,0.006142714445199903
Y065,子づくり,行為→結末型,,0,3,仮,1,0.0008658008658008658,0.0001,1830,0.0030721966205837174
Y066,ご奉仕フィニッシュ,行為→結末型,,0,3,仮,7,0.006060606060606061,0.0007,1830,0.0030721966205837174
Y067,顔面フィニッシュ,行為→結末型,,0,2,仮,8,0.006926406926406926,0.0008,3600,0.0060436654831155096
Y068,準備万端,行為→結末型,,0,2,仮,4,0.003463203463203463,0.0004,6964,0.011691135117893447
Y069,攻め♀,行為→結末型,,0,2,未定,1,0.0008658008658008658,0.0001,3600,0.0060436654831155096
Y070,M堕ち,行為→結末型,,0,1,仮,18,0.015584415584415584,0.0018,10445,0.01753502388087264
Y071,見られてイく,行為→結末型,,0,1,仮,58,0.050216450216450215,0.0058,19855,0.033332493935349566
Y072,濡れて絶頂,行為→結末型,,0,1,仮,34,0.02943722943722944,0.0034,13694,0.022989431979384387
Y073,同時責め,部位×行為型,,0,2,仮,24,0.02077922077922078,0.0024,7081,0.011887554246094702
Y074,胸責め,部位×行為型,,0,2,仮,15,0.012987012987012988,0.0015,3600,0.0060436654831155096
Y075,尻開発,部位×行為型,,0,2,仮,2,0.0017316017316017316,0.0002,5311,0.00891608538356291
Y076,デカぱい責め,部位×行為型,,0,2,仮,4,0.003463203463203463,0.0004,5311,0.00891608538356291
Y077,調教,部位×行為型,,0,2,仮,12,0.01038961038961039,0.0012,6964,0.011691135117893447
Y078,三点責め,部位×行為型,,0,2,仮,4,0.003463203463203463,0.0004,2646,0.0044420941300898995
Y079,ダブル奉仕,部位×行為型,,0,1,仮,48,0.04155844155844156,0.0048,10965,0.018407997783989324
Y080,恋人のキス,物語型,love,1,1,仮,29,0.025108225108225107,0.0029,29271,0.04914003676563169
Y081,らぶイキ,物語型,love,2,3,未定,1,0.0008658008658008658,0.0001,2997,0.005031351514693662
Y082,フルコース,物語型,,0,4,仮,0,0.0,0.0,108,0.0001813099644934653
Y083,アクメ地獄,物語型,zetcho_chain,2,4,仮,0,0.0,0.0,60,0.00010072775805192516
Y084,本番,単語きっかけ型,,0,1,未定,31,0.02683982683982684,0.0031,37820,0.06349206349206349
