wall,cpu,turn,cum_win,cum_tenpai,win_at_turn
A,strong,0,0.0001,0.0164,0.0001
A,strong,1,0.0016,0.0521,0.0015
A,strong,2,0.0068,0.118,0.0052
A,strong,3,0.0188,0.2141,0.012
A,strong,4,0.0403,0.3239,0.0215
A,strong,5,0.0758,0.4316,0.0355
A,strong,6,0.1222,0.5351,0.0464
A,strong,7,0.1753,0.6261,0.0531
A,strong,8,0.2333,0.7143,0.058
A,strong,9,0.2971,0.7838,0.0638
A,strong,10,0.3568,0.8399,0.0597
A,strong,11,0.4196,0.8834,0.0628
A,strong,12,0.4827,0.9161,0.0631
A,strong,13,0.543,0.9411,0.0603
A,strong,14,0.6,0.9608,0.057
A,strong,15,0.6567,0.9734,0.0567
A,strong,16,0.7027,0.9809,0.046
A,strong,17,0.7411,0.9871,0.0384
A,strong,18,0.7763,0.9916,0.0352
A,strong,19,0.8109,0.9952,0.0346
A,strong,20,0.8397,0.9971,0.0288
A,weak,0,0.0001,0.0164,0.0001
A,weak,1,0.0016,0.0521,0.0015
A,weak,2,0.0062,0.1096,0.0046
A,weak,3,0.0152,0.1863,0.009
A,weak,4,0.0308,0.2699,0.0156
A,weak,5,0.0531,0.3504,0.0223
A,weak,6,0.0826,0.4308,0.0295
A,weak,7,0.1172,0.5036,0.0346
A,weak,8,0.1588,0.5728,0.0416
A,weak,9,0.2039,0.6326,0.0451
A,weak,10,0.2497,0.6853,0.0458
A,weak,11,0.2988,0.7281,0.0491
A,weak,12,0.3444,0.7636,0.0456
A,weak,13,0.3901,0.7937,0.0457
A,weak,14,0.4345,0.8182,0.0444
A,weak,15,0.4765,0.8367,0.042
A,weak,16,0.5192,0.8496,0.0427
A,weak,17,0.5616,0.8612,0.0424
A,weak,18,0.5987,0.8651,0.0371
A,weak,19,0.6345,0.8719,0.0358
A,weak,20,0.6677,0.8763,0.0332
B,strong,0,0.0,0.0042,0.0
B,strong,1,0.0002,0.0117,0.0002
B,strong,2,0.0018,0.028,0.0016
B,strong,3,0.0043,0.058,0.0025
B,strong,4,0.0083,0.0965,0.004
B,strong,5,0.0167,0.1478,0.0084
B,strong,6,0.0296,0.209,0.0129
B,strong,7,0.0473,0.2675,0.0177
B,strong,8,0.0705,0.3293,0.0232
B,strong,9,0.0957,0.3982,0.0252
B,strong,10,0.1251,0.4645,0.0294
B,strong,11,0.1603,0.5227,0.0352
B,strong,12,0.1997,0.5757,0.0394
B,strong,13,0.24,0.6296,0.0403
B,strong,14,0.2827,0.6756,0.0427
B,strong,15,0.326,0.7199,0.0433
B,strong,16,0.3708,0.7547,0.0448
B,strong,17,0.4125,0.7878,0.0417
B,strong,18,0.4562,0.8187,0.0437
B,strong,19,0.4957,0.8434,0.0395
B,strong,20,0.5342,0.8655,0.0385
B,weak,0,0.0,0.0042,0.0
B,weak,1,0.0002,0.0114,0.0002
B,weak,2,0.0017,0.0263,0.0015
B,weak,3,0.0037,0.0515,0.002
B,weak,4,0.0063,0.0821,0.0026
B,weak,5,0.0118,0.1214,0.0055
B,weak,6,0.0187,0.1669,0.0069
B,weak,7,0.028,0.2156,0.0093
B,weak,8,0.0407,0.2627,0.0127
B,weak,9,0.0553,0.3131,0.0146
B,weak,10,0.0737,0.3639,0.0184
B,weak,11,0.094,0.4115,0.0203
B,weak,12,0.1155,0.4606,0.0215
B,weak,13,0.14,0.5077,0.0245
B,weak,14,0.1657,0.5537,0.0257
B,weak,15,0.1945,0.5974,0.0288
B,weak,16,0.2235,0.6386,0.029
B,weak,17,0.2526,0.6752,0.0291
B,weak,18,0.2816,0.7118,0.029
B,weak,19,0.3109,0.7412,0.0293
B,weak,20,0.3414,0.7708,0.0305
