cpu,streak,games,share
strong,0,4642743,0.6242564274877888
strong,1,1739625,0.23390743094512115
strong,2,657867,0.08845583379956831
strong,3,247626,0.03329542947199343
strong,4,92706,0.0124651130520649
strong,5,35104,0.004720032452912285
strong,6,13385,0.001799727506330644
strong,7,5010,0.0006736372660976112
strong,8,2125,0.0002857243893128591
strong,9,736,9.896148260435966e-05
strong,10,171,2.2992409681175953e-05
strong,11,100,1.344585361472278e-05
strong,12,7,9.412097530305945e-07
strong,13,32,4.302673156711289e-06
strong,14,0,0.0
strong,15,0,0.0
strong,16,0,0.0
strong,17,0,0.0
strong,18,0,0.0
strong,19,0,0.0
strong,20,0,0.0
strong,21,0,0.0
strong,22,0,0.0
strong,23,0,0.0
strong,24,0,0.0
strong,25,0,0.0
strong,26,0,0.0
strong,27,0,0.0
strong,28,0,0.0
strong,29,0,0.0
strong,30,0,0.0
weak,0,4174262,0.654948006762455
weak,1,1441518,0.22617634945104084
weak,2,496149,0.07784652678897139
weak,3,171050,0.026838003114494954
weak,4,58916,0.009244009304259483
weak,5,20143,0.003160467095792294
weak,6,7643,0.0011991982332890086
weak,7,2348,0.0003684047431326171
weak,8,833,0.0001306989569972189
weak,9,499,7.829385299113114e-05
weak,10,64,1.004169657601682e-05
weak,11,0,0.0
weak,12,0,0.0
weak,13,0,0.0
weak,14,0,0.0
weak,15,0,0.0
weak,16,0,0.0
weak,17,0,0.0
weak,18,0,0.0
weak,19,0,0.0
weak,20,0,0.0
weak,21,0,0.0
weak,22,0,0.0
weak,23,0,0.0
weak,24,0,0.0
weak,25,0,0.0
weak,26,0,0.0
weak,27,0,0.0
weak,28,0,0.0
weak,29,0,0.0
weak,30,0,0.0
