tile,used_in_words,base_copies,modifier_bonus,copies
×2,63,13,0,13
♡,33,10,3,13
エロ,20,10,1,11
あ,26,10,0,10
い,33,10,0,10
う,27,10,0,10
お,34,10,0,10
き,23,10,0,10
く,57,10,0,10
け,21,10,0,10
し,20,10,0,10
す,27,10,0,10
ち,45,10,0,10
ちゅ,20,10,0,10
っ,41,10,0,10
つ,32,10,0,10
な,20,10,0,10
ぱ,30,10,0,10
ま,35,10,0,10
め,25,10,0,10
り,31,10,0,10
ん,58,10,0,10
こ,17,9,0,9
じ,16,8,0,8
ぬれ,13,7,1,8
る,16,8,0,8
ろ,16,8,0,8
コキ,14,7,1,8
穴,13,7,1,8
見せ,13,7,1,8
媚び,11,6,1,7
舐め,11,6,1,7
か,12,6,0,6
ど,11,6,0,6
ぽ,11,6,0,6
さ,9,5,0,5
しゃ,9,5,0,5
び,9,5,0,5
ぉ゛,0,4,0,4
ぞ,7,4,0,4
べ,8,4,0,4
デカ,7,4,0,4
が,5,3,0,3
せ,5,3,0,3
