id,name,source_yaku,source_han_total,han_provisional,level,han_status,description
M002,キスアクメ祭り,キスの雨|絶頂そろい|まさかのキスアクメ,7,9,大合体,仮,
M007,飼いならし,命令と服従|調教,4,5,中合体,仮,
M009,見られて濡れてイく,見られてイく|濡れて絶頂,2,3,小合体,仮,
M011,手も口も,ぺろぺろ|しこしこ,2,3,小合体,仮,
M012,見せつけラブ,ちら見せ|ハート多め,2,3,小合体,仮,
M013,しっとりエロス,ちょいエロ|しっとり,2,3,小合体,仮,
M014,おねだり,上目づかい|穴ふたつ,2,3,小合体,仮,
M026,手も口も総動員,ぺろぺろ|しこしこ|ダブル奉仕,3,5,大合体,仮,
M027,大開帳,ぱっくり|ご開帳,3,4,中合体,仮,
M028,ぬれぬれ全開,ぱっくり|ぬれて開く,3,4,中合体,仮,
M029,見せつけ全開,ぱっくり|見せびらかし,3,4,中合体,仮,
M030,開きっぱなしでイく,ぱっくり|開いてイく,4,5,中合体,仮,
M031,命令されて全開,ぱっくり|あけなさい,4,5,中合体,仮,
M032,従順な開帳,あけなさい|命令と服従,5,6,中合体,仮,
M033,見せて果てる,開いてイく|見られてイく,4,5,中合体,仮,
M035,満開アクメ,ぱっくり|ご開帳|開いてイく,6,8,大合体,仮,
M036,ぬれ見せ全開,ぱっくり|ぬれて開く|見せびらかし,5,7,大合体,仮,
