name,source_yaku,han_provisional
初夜,本番|子づくり|準備万端,8
キスアクメ祭り,キスの雨|絶頂そろい|まさかのキスアクメ,9
相思相愛,見せ合い|らぶらぶ,7
SMクラブ,M気質|S気質,7
全身ショー,全身くまなく|語頭づくし,5
ぶっかけご奉仕,顔にぶっかけ|ご奉仕フィニッシュ,6
飼いならし,命令と服従|調教,5
ねちっこい責め,同時責め|三点責め,5
見られて濡れてイく,見られてイく|濡れて絶頂,3
完全オホ声,獣の声|オホ声,3
手も口も,ぺろぺろ|しこしこ,3
見せつけラブ,ちら見せ|ハート多め,3
しっとりエロス,ちょいエロ|しっとり,3
おねだり,上目づかい|穴ふたつ,3
全身コース,全身くまなく|前後半々,3
奥まで届いた,中イキ|濡れて絶頂,3
羞恥調教,M堕ち|見られてイく,3
見せオナ,オナニー|見られてイく,3
ラブラブキス,キスの雨|ラブ系,3
女王様のお許し,本番|女王様,3
好きで感じる,ラブ系|快感系,3
純愛,可愛い声|ラブ系,3
理性崩壊,獣の声|快感系,3
甘々カップル,可愛い声|恋人のキス,3
初恋,可愛い声|ラブ系|恋人のキス,5
手も口も総動員,ぺろぺろ|しこしこ|ダブル奉仕,5
大開帳,ぱっくり|ご開帳,5
ぬれぬれ全開,ぱっくり|ぬれて開く,5
見せつけ全開,ぱっくり|見せびらかし,5
開きっぱなしでイく,ぱっくり|開いてイく,6
命令されて全開,ぱっくり|あけなさい,6
従順な開帳,あけなさい|命令と服従,6
見せて果てる,開いてイく|見られてイく,5
くぽ尽くし,くぽっと|くぽくぽ,6
満開アクメ,ぱっくり|ご開帳|開いてイく,9
ぬれ見せ全開,ぱっくり|ぬれて開く|見せびらかし,8
