tile,used_in_words,total_occurrences_in_all_words,triple_demand
×2,61,61,0
く,57,53,0
ん,56,50,0
ち,44,46,0
っ,40,37,0
ま,34,33,0
い,33,33,0
♡,32,83,51
お,32,30,0
つ,29,27,0
ぱ,28,27,0
す,27,25,0
う,26,26,0
あ,25,22,0
め,24,22,0
き,23,22,0
ちゅ,20,21,0
な,19,20,0
り,19,18,0
エロ,19,35,16
け,18,17,0
じ,16,16,0
ろ,16,15,0
こ,14,14,0
る,13,13,0
コキ,13,28,15
ど,12,11,0
穴,12,36,24
見せ,12,26,14
か,11,11,0
ぬれ,10,27,17
ぽ,10,9,0
媚び,10,26,16
舐め,10,24,14
さ,9,8,0
しゃ,9,9,0
び,9,9,0
べ,8,7,0
ぞ,7,6,0
デカ,6,13,7
が,5,5,0
せ,5,5,0
×2,0,61,0
