id,word,type,modifier,modifiers,position,stem,tiles,tile_count,part,tag,flavor,note,slot_no,slot,sub,source
W001,ちんぽ,単独,,,,,ち|ん|ぽ,3,男性器,男性器,,ぽは専用牌,2,部位,男性器,既存
W002,ちんこ,単独,,,,,ち|ん|こ,3,男性器,男性器,,,2,部位,男性器,既存
W003,まんこ,単独,,,,,ま|ん|こ,3,女性器,女性器,,,2,部位,女性器,既存
W004,おめこ,単独,,,,,お|め|こ,3,女性器,女性器,,,2,部位,女性器,既存
W005,おまめ,単独,,,,,お|ま|め,3,女性器,女性器,,,2,部位,女性器,既存
W006,ちくび,単独,,,,,ち|く|び,3,胸,胸,,,2,部位,胸,既存
W007,あなる,単独,,,,,あ|な|る,3,後ろ,後ろ,,,2,部位,後ろ,既存
W008,こうび,単独,,,,,こ|う|び,3,,行為,,,3,行為,行為,既存
W009,がんしゃ,単独,,,,,が|ん|しゃ,3,,部位射精,,しゃ=拗音1牌,5,反応,絶頂・結末,既存
W010,いかせ,単独,,,,,い|か|せ,3,,行為,,,3,行為,行為,既存
W011,いじり,単独,,,,,い|じ|り,3,,行為,,,3,行為,行為,既存
W012,しゃせい,単独,,,,,しゃ|せ|い,3,,絶頂,,しゃ=拗音1牌,5,反応,絶頂・結末,既存
W013,あくめ,単独,,,,,あ|く|め,3,,絶頂,,,5,反応,絶頂・結末,既存
W014,いくっ,単独,,,,,い|く|っ,3,,絶頂,,,5,反応,絶頂・結末,既存
W015,ちゅっちゅ,単独,,,,,ちゅ|っ|ちゅ,3,,キス,,ちゅ=拗音1牌・2枚使用,3,行為,キス・吸い,既存
W016,べろちゅ,単独,,,,,べ|ろ|ちゅ,3,,キス,,ちゅ=拗音1牌,3,行為,キス・吸い,既存
W017,きっす,単独,,,,,き|っ|す,3,,キス,,,3,行為,キス・吸い,既存
W018,あんっ,単独,,,,,あ|ん|っ,3,,喘ぎ声,可愛い系,3牌の喘ぎ声,6,喘ぎ声,喘ぎ声,既存
W019,ああっ,単独,,,,,あ|あ|っ,3,,喘ぎ声,可愛い系,3牌の喘ぎ声,6,喘ぎ声,喘ぎ声,既存
W020,おおっ,単独,,,,,お|お|っ,3,,喘ぎ声,オホ声系,3牌の喘ぎ声,6,喘ぎ声,喘ぎ声,既存
W021,んおっ,単独,,,,,ん|お|っ,3,,喘ぎ声,オホ声系,3牌の喘ぎ声,6,喘ぎ声,喘ぎ声,既存
W022,んんっ,単独,,,,,ん|ん|っ,3,,喘ぎ声,どちらでも,3牌の喘ぎ声,6,喘ぎ声,喘ぎ声,既存
W023,うおお,単独,,,,,う|お|お,3,,喘ぎ声,オホ声系,3牌の喘ぎ声,6,喘ぎ声,喘ぎ声,既存
W024,あうう,単独,,,,,あ|う|う,3,,喘ぎ声,可愛い系,3牌の喘ぎ声,6,喘ぎ声,喘ぎ声,既存
W025,うんん,単独,,,,,う|ん|ん,3,,喘ぎ声,可愛い系,3牌の喘ぎ声,6,喘ぎ声,喘ぎ声,既存
W026,なめろ,単独,,,,,な|め|ろ,3,,命令語,強め(〜ろ),3牌の命令語,1,感情・誘い,命令・誘い,既存
W027,せめろ,単独,,,,,せ|め|ろ,3,,命令語,強め(〜ろ),3牌の命令語,1,感情・誘い,命令・誘い,既存
W028,あけろ,単独,,,,,あ|け|ろ,3,,命令語,強め(〜ろ),3牌の命令語,1,感情・誘い,命令・誘い,既存
W029,おちろ,単独,,,,,お|ち|ろ,3,,命令語,強め(〜ろ),3牌の命令語,1,感情・誘い,命令・誘い,既存
W030,なめな,単独,,,,,な|め|な,3,,命令語,やさしい(〜な),3牌の命令語,1,感情・誘い,命令・誘い,既存
W031,せめな,単独,,,,,せ|め|な,3,,命令語,やさしい(〜な),3牌の命令語,1,感情・誘い,命令・誘い,既存
W032,あけな,単独,,,,,あ|け|な,3,,命令語,やさしい(〜な),3牌の命令語,1,感情・誘い,命令・誘い,既存
W033,いきな,単独,,,,,い|き|な,3,,命令語,やさしい(〜な),3牌の命令語,1,感情・誘い,命令・誘い,既存
W034,いけっ,単独,,,,,い|け|っ,3,,命令語,短い,3牌の命令語,1,感情・誘い,命令・誘い,既存
W035,なけっ,単独,,,,,な|け|っ,3,,命令語,短い,3牌の命令語,1,感情・誘い,命令・誘い,既存
W036,さけべ,単独,,,,,さ|け|べ,3,,命令語,短い,3牌の命令語,1,感情・誘い,命令・誘い,既存
W037,いくな,単独,,,,,い|く|な,3,,命令語,禁止,3牌の命令語,1,感情・誘い,命令・誘い,既存
W038,おなめ,単独,,,,,お|な|め,3,,命令語,丁寧(お〜),3牌の命令語,1,感情・誘い,命令・誘い,既存
W039,まんしゃ,単独,,,,,ま|ん|しゃ,3,,部位射精,,部位+しゃ(射),5,反応,絶頂・結末,既存
W040,けつしゃ,単独,,,,,け|つ|しゃ,3,,部位射精,,部位+しゃ(射),5,反応,絶頂・結末,既存
W041,ぱいしゃ,単独,,,,,ぱ|い|しゃ,3,,部位射精,,部位+しゃ(射),5,反応,絶頂・結末,既存
W042,ぱかあ,単独,,,,,ぱ|か|あ,3,,擬音,,割れ目の開き表現(擬音) / 開き・濡れ音,4,音,音,既存
W043,くぱあ,単独,,,,,く|ぱ|あ,3,,擬音,,割れ目の開き表現(擬音) / 開き・濡れ音,4,音,音,既存
W044,ぱかっ,単独,,,,,ぱ|か|っ,3,,擬音,,割れ目の開き表現(擬音) / 開き・濡れ音,4,音,音,既存
W045,くぱっ,単独,,,,,く|ぱ|っ,3,,擬音,,割れ目の開き表現(擬音) / 開き・濡れ音,4,音,音,既存
W046,ぱかん,単独,,,,,ぱ|か|ん,3,,擬音,,割れ目の開き表現(擬音) / 開き・濡れ音,4,音,音,既存
W047,くちゅっ,単独,,,,,く|ちゅ|っ,3,,擬音,,割れ目の開き表現(擬音) / 開き・濡れ音,4,音,音,既存
W048,くぽっ,単独,,,,,く|ぽ|っ,3,,擬音,,割れ目の開き表現(擬音) / 開き・濡れ音,4,音,音,既存
W049,ままあ,単独,,,,,ま|ま|あ,3,,赤ちゃん,,まま♡と同じ面子(役: 赤ちゃんプレイ),1,感情・誘い,感情・状況,既存
W050,きつく・きっく,単独,,,,,き|つ|く,3,,快感,,つ=っ(互換)なので、きつく/きっく は同じ語,6,喘ぎ声,喘ぎ声,既存
W051,きくう,単独,,,,,き|く|う,3,,快感,,,6,喘ぎ声,喘ぎ声,既存
W052,すき♡・きす♡,♡型,♡,♡,語尾,すき,す|き|♡,3,,ラブ・キス,,すき(ラブ)ときす(キス)の両方に読める,1,感情・誘い,感情・状況,既存
W053,穴すき・きす穴,穴型,穴,穴,語頭,すき,穴|す|き,3,,ラブ・キス,,すき(ラブ)ときす(キス)の両方に読める,1,感情・誘い,感情・状況,既存
W054,エロすき・エロきす,エロ型,エロ,エロ,語頭,すき,エロ|す|き,3,,ラブ・キス,,すき(ラブ)ときす(キス)の両方に読める,1,感情・誘い,感情・状況,既存
W055,ぬれすき・ぬれきす,ぬれ型,ぬれ,ぬれ,語頭,すき,ぬれ|す|き,3,,ラブ・キス,,すき(ラブ)ときす(キス)の両方に読める,1,感情・誘い,感情・状況,既存
W056,きく♡,♡型,♡,♡,語尾,きく,き|く|♡,3,,快感,,,5,反応,高まり,既存
W057,穴きく,穴型,穴,穴,語頭,きく,穴|き|く,3,,快感,,穴が語頭に付く例外,5,反応,高まり,既存
W058,媚びおな,媚び型,媚び,媚び,語頭,おな,媚び|お|な,3,,オナ,,媚びが語頭に付く例外,3,行為,行為,既存
W059,見せちん,見せ型,見せ,見せ,語頭,ちん,見せ|ち|ん,3,男性器,男性器,,,2,部位,男性器,既存
W060,見せまん,見せ型,見せ,見せ,語頭,まん,見せ|ま|ん,3,女性器,女性器,,,2,部位,女性器,既存
W061,見せけつ・けつ見せ,見せ型,見せ,見せ,語頭,けつ,見せ|け|つ,3,後ろ,後ろ,,同じ牌の組み合わせを統合,2,部位,後ろ,既存
W062,見せぱい,見せ型,見せ,見せ,語頭,ぱい,見せ|ぱ|い,3,胸,胸,,,2,部位,胸,既存
W063,見せくり,見せ型,見せ,見せ,語頭,くり,見せ|く|り,3,女性器,女性器,,,2,部位,女性器,既存
W064,見せちつ,見せ型,見せ,見せ,語頭,ちつ,見せ|ち|つ,3,女性器,女性器,,,2,部位,女性器,既存
W065,見せべろ,見せ型,見せ,見せ,語頭,べろ,見せ|べ|ろ,3,,役割,,,2,部位,役割,既存
W066,見せまめ,見せ型,見せ,見せ,語頭,くり,見せ|ま|め,3,女性器,女性器,,,2,部位,女性器,既存
W067,見せあな,見せ型,見せ,見せ,語頭,あな,見せ|あ|な,3,,穴,,,2,部位,穴,既存
W068,見せちく,見せ型,見せ,見せ,語頭,ちく,見せ|ち|く,3,胸,胸,,,2,部位,胸,既存
W069,デカちん,デカ型,デカ,デカ,語頭,ちん,デカ|ち|ん,3,男性器,男性器,,,2,部位,男性器,既存
W070,デカけつ,デカ型,デカ,デカ,語頭,けつ,デカ|け|つ,3,後ろ,後ろ,,,2,部位,後ろ,既存
W071,デカぱい,デカ型,デカ,デカ,語頭,ぱい,デカ|ぱ|い,3,胸,胸,,,2,部位,胸,既存
W072,デカくり,デカ型,デカ,デカ,語頭,くり,デカ|く|り,3,女性器,女性器,,,2,部位,女性器,既存
W073,デカまめ,デカ型,デカ,デカ,語頭,くり,デカ|ま|め,3,女性器,女性器,,,2,部位,女性器,既存
W074,デカちく,デカ型,デカ,デカ,語頭,ちく,デカ|ち|く,3,胸,胸,,,2,部位,胸,既存
W075,エロちん,エロ型,エロ,エロ,語頭,ちん,エロ|ち|ん,3,男性器,男性器,,,2,部位,男性器,既存
W076,エロまん,エロ型,エロ,エロ,語頭,まん,エロ|ま|ん,3,女性器,女性器,,,2,部位,女性器,既存
W077,エロけつ,エロ型,エロ,エロ,語頭,けつ,エロ|け|つ,3,後ろ,後ろ,,,2,部位,後ろ,既存
W078,エロぱい,エロ型,エロ,エロ,語頭,ぱい,エロ|ぱ|い,3,胸,胸,,,2,部位,胸,既存
W079,エロくり,エロ型,エロ,エロ,語頭,くり,エロ|く|り,3,女性器,女性器,,,2,部位,女性器,既存
W080,エロちつ,エロ型,エロ,エロ,語頭,ちつ,エロ|ち|つ,3,女性器,女性器,,,2,部位,女性器,既存
W081,エロめす,エロ型,エロ,エロ,語頭,めす,エロ|め|す,3,,役割,,,2,部位,役割,既存
W082,エロおす,エロ型,エロ,エロ,語頭,おす,エロ|お|す,3,,役割,,,2,部位,役割,既存
W083,エロべろ,エロ型,エロ,エロ,語頭,べろ,エロ|べ|ろ,3,,役割,,,2,部位,役割,既存
W084,エロまめ,エロ型,エロ,エロ,語頭,くり,エロ|ま|め,3,女性器,女性器,,,2,部位,女性器,既存
W085,エロあな,エロ型,エロ,エロ,語頭,あな,エロ|あ|な,3,,穴,,,2,部位,穴,既存
W086,エロちく・エロくち,エロ型,エロ,エロ,語頭,ちく,エロ|ち|く,3,胸,胸,,,2,部位,胸,既存
W087,エロおな,エロ型,エロ,エロ,語頭,おな,エロ|お|な,3,,オナ,,,3,行為,行為,既存
W088,ぬれまん,ぬれ型,ぬれ,ぬれ,語頭,まん,ぬれ|ま|ん,3,女性器,女性器,,,2,部位,女性器,既存
W089,ぬれちつ,ぬれ型,ぬれ,ぬれ,語頭,ちつ,ぬれ|ち|つ,3,女性器,女性器,,,2,部位,女性器,既存
W090,ぬれくり,ぬれ型,ぬれ,ぬれ,語頭,くり,ぬれ|く|り,3,女性器,女性器,,,2,部位,女性器,既存
W091,ぬれぱい,ぬれ型,ぬれ,ぬれ,語頭,ぱい,ぬれ|ぱ|い,3,胸,胸,,,2,部位,胸,既存
W092,ぬれまめ,ぬれ型,ぬれ,ぬれ,語頭,くり,ぬれ|ま|め,3,女性器,女性器,,,2,部位,女性器,既存
W093,ぬれおな,ぬれ型,ぬれ,ぬれ,語頭,おな,ぬれ|お|な,3,,オナ,,,3,行為,行為,既存
W094,ちん穴,穴型,穴,穴,語尾,ちん,ち|ん|穴,3,男性器,男性器,,,2,部位,男性器,既存
W095,まん穴,穴型,穴,穴,語尾,まん,ま|ん|穴,3,女性器,女性器,,,2,部位,女性器,既存
W096,けつ穴,穴型,穴,穴,語尾,けつ,け|つ|穴,3,後ろ,後ろ,,,2,部位,後ろ,既存
W097,まぞ穴,穴型,穴,穴,語尾,まぞ,ま|ぞ|穴,3,SM,SM,,,2,部位,SM,既存
W098,さど穴,穴型,穴,穴,語尾,さど,さ|ど|穴,3,SM,SM,,,2,部位,SM,既存
W099,めす穴,穴型,穴,穴,語尾,めす,め|す|穴,3,,役割,,,2,部位,役割,既存
W100,おす穴,穴型,穴,穴,語尾,おす,お|す|穴,3,,役割,,,2,部位,役割,既存
W101,くち穴,穴型,穴,穴,語尾,くち,く|ち|穴,3,口,口,,,2,部位,口,既存
W102,ちん媚び,媚び型,媚び,媚び,語尾,ちん,ち|ん|媚び,3,男性器,男性器,,媚び牌=態度の軸(案・要確認),1,感情・誘い,態度,既存
W103,まん媚び,媚び型,媚び,媚び,語尾,まん,ま|ん|媚び,3,女性器,女性器,,媚び牌=態度の軸(案・要確認),1,感情・誘い,態度,既存
W104,まぞ媚び,媚び型,媚び,媚び,語尾,まぞ,ま|ぞ|媚び,3,SM,SM,,媚び牌=態度の軸(案・要確認),1,感情・誘い,態度,既存
W105,さど媚び,媚び型,媚び,媚び,語尾,さど,さ|ど|媚び,3,SM,SM,,媚び牌=態度の軸(案・要確認),1,感情・誘い,態度,既存
W106,めす媚び,媚び型,媚び,媚び,語尾,めす,め|す|媚び,3,,役割,,媚び牌=態度の軸(案・要確認),1,感情・誘い,態度,既存
W107,おす媚び,媚び型,媚び,媚び,語尾,おす,お|す|媚び,3,,役割,,媚び牌=態度の軸(案・要確認),1,感情・誘い,態度,既存
W108,けつ媚び,媚び型,媚び,媚び,語尾,けつ,け|つ|媚び,3,後ろ,後ろ,,媚び牌=態度の軸(案・要確認),1,感情・誘い,態度,既存
W109,ちつ媚び,媚び型,媚び,媚び,語尾,ちつ,ち|つ|媚び,3,女性器,女性器,,媚び牌=態度の軸(案・要確認),1,感情・誘い,態度,既存
W110,ちく媚び,媚び型,媚び,媚び,語尾,ちく,ち|く|媚び,3,胸,胸,,媚び牌=態度の軸(案・要確認),1,感情・誘い,態度,既存
W111,ちん♡,♡型,♡,♡,語尾,ちん,ち|ん|♡,3,男性器,男性器,,,2,部位,男性器,既存
W112,まん♡,♡型,♡,♡,語尾,まん,ま|ん|♡,3,女性器,女性器,,,2,部位,女性器,既存
W113,けつ♡,♡型,♡,♡,語尾,けつ,け|つ|♡,3,後ろ,後ろ,,,2,部位,後ろ,既存
W114,ぱい♡,♡型,♡,♡,語尾,ぱい,ぱ|い|♡,3,胸,胸,,,2,部位,胸,既存
W115,くり♡,♡型,♡,♡,語尾,くり,く|り|♡,3,女性器,女性器,,,2,部位,女性器,既存
W116,ちつ♡,♡型,♡,♡,語尾,ちつ,ち|つ|♡,3,女性器,女性器,,,2,部位,女性器,既存
W117,めす♡,♡型,♡,♡,語尾,めす,め|す|♡,3,,役割,,,2,部位,役割,既存
W118,おす♡,♡型,♡,♡,語尾,おす,お|す|♡,3,,役割,,,2,部位,役割,既存
W119,べろ♡,♡型,♡,♡,語尾,べろ,べ|ろ|♡,3,,役割,,,2,部位,役割,既存
W120,まま♡,♡型,♡,♡,語尾,まま,ま|ま|♡,3,,役割,,,2,部位,役割,既存
W121,まめ♡,♡型,♡,♡,語尾,くり,ま|め|♡,3,女性器,女性器,,,2,部位,女性器,既存
W122,あな♡,♡型,♡,♡,語尾,あな,あ|な|♡,3,,穴,,,2,部位,穴,既存
W123,くち♡,♡型,♡,♡,語尾,くち,く|ち|♡,3,口,口,,,2,部位,口,既存
W124,おな♡,♡型,♡,♡,語尾,おな,お|な|♡,3,,オナ,,,3,行為,行為,既存
W125,ぱか♡,♡型,♡,♡,語尾,ぱか,ぱ|か|♡,3,,擬音,,開き・濡れ音,4,音,音,既存
W126,くぱ♡・ぱく♡,♡型,♡,♡,語尾,くぱ,く|ぱ|♡,3,,擬音,,開き・濡れ音,4,音,音,既存
W127,くぽ♡,♡型,♡,♡,語尾,くぽ,く|ぽ|♡,3,,擬音,,開き・濡れ音,4,音,音,既存
W128,ちん舐め,舐め型,舐め,舐め,語尾,ちん,ち|ん|舐め,3,男性器,男性器,,,3,行為,行為,既存
W129,まん舐め,舐め型,舐め,舐め,語尾,まん,ま|ん|舐め,3,女性器,女性器,,,3,行為,行為,既存
W130,けつ舐め,舐め型,舐め,舐め,語尾,けつ,け|つ|舐め,3,後ろ,後ろ,,,3,行為,行為,既存
W131,ぱい舐め,舐め型,舐め,舐め,語尾,ぱい,ぱ|い|舐め,3,胸,胸,,,3,行為,行為,既存
W132,くり舐め,舐め型,舐め,舐め,語尾,くり,く|り|舐め,3,女性器,女性器,,,3,行為,行為,既存
W133,ちつ舐め,舐め型,舐め,舐め,語尾,ちつ,ち|つ|舐め,3,女性器,女性器,,,3,行為,行為,既存
W134,まめ舐め,舐め型,舐め,舐め,語尾,くり,ま|め|舐め,3,女性器,女性器,,,3,行為,行為,既存
W135,あな舐め,舐め型,舐め,舐め,語尾,あな,あ|な|舐め,3,,穴,,,3,行為,行為,既存
W136,ちく舐め,舐め型,舐め,舐め,語尾,ちく,ち|く|舐め,3,胸,胸,,,3,行為,行為,既存
W137,ちんコキ,コキ型,コキ,コキ,語尾,ちん,ち|ん|コキ,3,男性器,男性器,,,3,行為,行為,既存
W138,まんコキ,コキ型,コキ,コキ,語尾,まん,ま|ん|コキ,3,女性器,女性器,,,3,行為,行為,既存
W139,けつコキ,コキ型,コキ,コキ,語尾,けつ,け|つ|コキ,3,後ろ,後ろ,,,3,行為,行為,既存
W140,ぱいコキ,コキ型,コキ,コキ,語尾,ぱい,ぱ|い|コキ,3,胸,胸,,,3,行為,行為,既存
W141,くりコキ,コキ型,コキ,コキ,語尾,くり,く|り|コキ,3,女性器,女性器,,,3,行為,行為,既存
W142,ちつコキ,コキ型,コキ,コキ,語尾,ちつ,ち|つ|コキ,3,女性器,女性器,,,3,行為,行為,既存
W143,まぞコキ,コキ型,コキ,コキ,語尾,まぞ,ま|ぞ|コキ,3,SM,SM,,,3,行為,行為,既存
W144,さどコキ,コキ型,コキ,コキ,語尾,さど,さ|ど|コキ,3,SM,SM,,,3,行為,行為,既存
W145,まめコキ,コキ型,コキ,コキ,語尾,くり,ま|め|コキ,3,女性器,女性器,,,3,行為,行為,既存
W146,ちくコキ・くちコキ,コキ型,コキ,コキ,語尾,ちく,ち|く|コキ,3,胸,胸,,,3,行為,行為,既存
W147,コキあな,コキ型,コキ,コキ,語頭,あな,コキ|あ|な,3,,穴,,コキが語頭に付く例外(あなコキは語ではない),3,行為,行為,既存
W148,ちゅぱっ,単独,,,,,ちゅ|ぱ|っ,3,,吸い音,,,3,行為,キス・吸い,既存
W149,ちゅぽっ,単独,,,,,ちゅ|ぽ|っ,3,,吸い音,,,3,行為,キス・吸い,既存
W150,ちゅるっ,単独,,,,,ちゅ|る|っ,3,,吸い音,,,3,行為,キス・吸い,既存
W151,びくん,単独,,,,,び|く|ん,3,,反応,,,5,反応,高まり,既存
W152,びくっ,単独,,,,,び|く|っ,3,,反応,,,5,反応,高まり,既存
W153,じんっ,単独,,,,,じ|ん|っ,3,,反応,,,5,反応,高まり,既存
W154,じくっ,単独,,,,,じ|く|っ,3,,反応,,,5,反応,高まり,既存
W155,どくっ,単独,,,,,ど|く|っ,3,,反応,,,5,反応,高まり,既存
W156,こりっ,単独,,,,,こ|り|っ,3,,反応,,,5,反応,高まり,既存
W157,こすり,単独,,,,,こ|す|り,3,,行為,,,3,行為,行為,既存
W158,いじる,単独,,,,,い|じ|る,3,,行為,,,3,行為,行為,既存
W159,せめる,単独,,,,,せ|め|る,3,,行為,,,3,行為,行為,既存
W160,さかり,単独,,,,,さ|か|り,3,,発情,,,1,感情・誘い,感情・状況,既存
W161,さかる,単独,,,,,さ|か|る,3,,発情,,,1,感情・誘い,感情・状況,既存
W162,がまん,単独,,,,,が|ま|ん,3,,焦らし,,,1,感情・誘い,感情・状況,既存
W163,じりっ,単独,,,,,じ|り|っ,3,,焦らし,,,1,感情・誘い,感情・状況,既存
W164,こびる,単独,,,,,こ|び|る,3,,媚態,,,1,感情・誘い,態度,既存
W165,おちる,単独,,,,,お|ち|る,3,,堕ち,,,5,反応,絶頂・結末,既存
W166,どまぞ,単独,,,,,ど|ま|ぞ,3,SM,SM,,,1,感情・誘い,感情・状況,既存
W167,ぽっち,単独,,,,,ぽ|っ|ち,3,胸,胸,,,2,部位,胸,既存
W168,ぽろり,単独,,,,,ぽ|ろ|り,3,,露出,,,1,感情・誘い,感情・状況,既存
W169,さんぽ,単独,,,,,さ|ん|ぽ,3,,露出,,,1,感情・誘い,感情・状況,既存
W170,くちしゃ,単独,,,,,く|ち|しゃ,3,,部位射精,,,5,反応,絶頂・結末,既存
W171,つがい,単独,,,,,つ|が|い,3,,番,,,2,部位,番,既存
W172,エロすじ,エロ型,エロ,エロ,語頭,すじ,エロ|す|じ,3,女性器,女性器,,,2,部位,女性器,既存
W173,見せすじ,見せ型,見せ,見せ,語頭,すじ,見せ|す|じ,3,女性器,女性器,,,2,部位,女性器,既存
W174,ぬれすじ,ぬれ型,ぬれ,ぬれ,語頭,すじ,ぬれ|す|じ,3,女性器,女性器,,,2,部位,女性器,既存
W175,すじ♡,♡型,♡,♡,語尾,すじ,す|じ|♡,3,女性器,女性器,,,2,部位,女性器,既存
W176,すじ舐め,舐め型,舐め,舐め,語尾,すじ,す|じ|舐め,3,女性器,女性器,,,3,行為,行為,既存
W177,すじコキ,コキ型,コキ,コキ,語尾,すじ,す|じ|コキ,3,女性器,女性器,,,3,行為,行為,既存
W178,ちゅっ♡,♡型,♡,♡,語尾,ちゅっ,ちゅ|っ|♡,3,,キス・吸い,,,3,行為,キス・吸い,既存
W179,ちゅぱ♡,♡型,♡,♡,語尾,ちゅぱ,ちゅ|ぱ|♡,3,,キス・吸い,,,3,行為,キス・吸い,既存
W180,ちゅぽ♡,♡型,♡,♡,語尾,ちゅぽ,ちゅ|ぽ|♡,3,,キス・吸い,,,3,行為,キス・吸い,既存
W181,ちゅる♡,♡型,♡,♡,語尾,ちゅる,ちゅ|る|♡,3,,キス・吸い,,,3,行為,キス・吸い,既存
W182,ちゅう♡,♡型,♡,♡,語尾,ちゅう,ちゅ|う|♡,3,,キス・吸い,,,3,行為,キス・吸い,既存
W183,エロちゅう,エロ型,エロ,エロ,語頭,ちゅう,エロ|ちゅ|う,3,,キス・吸い,,,3,行為,キス・吸い,既存
W184,んちゅ♡,♡型,♡,♡,語尾,んちゅ,ん|ちゅ|♡,3,,キス・吸い,,,3,行為,キス・吸い,既存
W185,んちゅう,単独,,,,,ん|ちゅ|う,3,,キス・吸い,,,3,行為,キス・吸い,既存
W186,いく♡,♡型,♡,♡,語尾,いく,い|く|♡,3,,絶頂・結末,,,5,反応,絶頂・結末,既存
W187,いきっ,単独,,,,,い|き|っ,3,,絶頂・結末,,,5,反応,絶頂・結末,既存
W188,いくう,単独,,,,,い|く|う,3,,絶頂・結末,,,5,反応,絶頂・結末,既存
W189,いいっ,単独,,,,,い|い|っ,3,,喘ぎ声,可愛い系,,6,喘ぎ声,喘ぎ声,既存
W190,いいん,単独,,,,,い|い|ん,3,,喘ぎ声,可愛い系,,6,喘ぎ声,喘ぎ声,既存
W191,あうっ,単独,,,,,あ|う|っ,3,,喘ぎ声,可愛い系,,6,喘ぎ声,喘ぎ声,既存
W192,おうっ,単独,,,,,お|う|っ,3,,喘ぎ声,オホ声系,,6,喘ぎ声,喘ぎ声,既存
W193,んおお,単独,,,,,ん|お|お,3,,喘ぎ声,オホ声系,,6,喘ぎ声,喘ぎ声,既存
W194,ああん,単独,,,,,あ|あ|ん,3,,喘ぎ声,可愛い系,,6,喘ぎ声,喘ぎ声,既存
W195,うんっ,単独,,,,,う|ん|っ,3,,喘ぎ声,可愛い系,,6,喘ぎ声,喘ぎ声,既存
W196,くうっ,単独,,,,,く|う|っ,3,,喘ぎ声,可愛い系,,6,喘ぎ声,喘ぎ声,既存
W197,ううっ,単独,,,,,う|う|っ,3,,喘ぎ声,可愛い系,,6,喘ぎ声,喘ぎ声,既存
W198,くうん,単独,,,,,く|う|ん,3,,喘ぎ声,可愛い系,,6,喘ぎ声,喘ぎ声,既存
W199,くうう,単独,,,,,く|う|う,3,,喘ぎ声,可愛い系,,6,喘ぎ声,喘ぎ声,既存
W200,きまる,単独,,,,,き|ま|る,3,,高まり,,,5,反応,高まり,既存
W201,きっつ,単独,,,,,き|っ|つ,3,,高まり,,,5,反応,高まり,既存
W202,ちんちん,×2,,,,ちん,ち|ん|×2,3,男性器,部位(×2),,,2,部位,部位(×2),×2
W203,まんまん,×2,,,,まん,ま|ん|×2,3,女性器,部位(×2),,,2,部位,部位(×2),×2
W204,ぱいぱい,×2,,,,ぱい,ぱ|い|×2,3,胸,部位(×2),,,2,部位,部位(×2),×2
W205,くりくり,×2,,,,くり,く|り|×2,3,女性器,部位(×2),,,2,部位,部位(×2),×2
W206,まめまめ,×2,,,,くり,ま|め|×2,3,女性器,部位(×2),,,2,部位,部位(×2),×2
W207,ちくちく・くちくち,×2,,,,ちく,ち|く|×2,3,胸,音,,区分確定 同じ牌の組み合わせを統合,4,音,音,×2
W208,べろべろ,×2,,,,べろ,べ|ろ|×2,3,,キス・吸い,,,3,行為,キス・吸い,×2
W209,ちゅぱちゅぱ,×2,,,,,ちゅ|ぱ|×2,3,,キス・吸い,,,3,行為,キス・吸い,×2
W210,ちゅぽちゅぽ,×2,,,,,ちゅ|ぽ|×2,3,,キス・吸い,,,3,行為,キス・吸い,×2
W211,ちゅるちゅる,×2,,,,,ちゅ|る|×2,3,,キス・吸い,,,3,行為,キス・吸い,×2
W212,ちゅうちゅう,×2,,,,,ちゅ|う|×2,3,,キス・吸い,,,3,行為,キス・吸い,×2
W213,すきすき,×2,,,,すき,す|き|×2,3,,感情・状況,,同じ牌の相手語は不採用(牌の組み合わせは同じ),1,感情・誘い,感情・状況,×2
W214,がつがつ,×2,,,,,が|つ|×2,3,,態度,,,1,感情・誘い,態度,×2
W215,つんつん,×2,,,,,つ|ん|×2,3,,態度,,区分確定 同じ牌の相手語は不採用(牌の組み合わせは同じ),1,感情・誘い,態度,×2
W216,いけいけ,×2,,,,,い|け|×2,3,,態度,,,1,感情・誘い,態度,×2
W217,いじいじ,×2,,,,,い|じ|×2,3,,態度,,区分確定,1,感情・誘い,態度,×2
W218,おろおろ,×2,,,,,お|ろ|×2,3,,態度,,区分確定,1,感情・誘い,態度,×2
W219,こびこび,×2,,,,,こ|び|×2,3,,態度,,ユーザー追加,1,感情・誘い,態度,×2
W220,めろめろ,×2,,,,,め|ろ|×2,3,,態度,,ユーザー追加,1,感情・誘い,態度,×2
W221,おどおど,×2,,,,,お|ど|×2,3,,態度,,ユーザー追加,1,感情・誘い,態度,×2
W222,うじうじ,×2,,,,,う|じ|×2,3,,態度,,ユーザー追加 区分確定,1,感情・誘い,態度,×2
W223,こすこす,×2,,,,,こ|す|×2,3,,行為,,,3,行為,行為,×2
W224,すりすり,×2,,,,,す|り|×2,3,,行為,,,3,行為,行為,×2
W225,こりこり,×2,,,,,こ|り|×2,3,,行為,,,3,行為,行為,×2
W226,さすさす,×2,,,,,さ|す|×2,3,,行為,,,3,行為,行為,×2
W227,ぱんぱん,×2,,,,,ぱ|ん|×2,3,,音,,,4,音,音,×2
W228,ぱこぱこ,×2,,,,ぱこ,ぱ|こ|×2,3,,音,,,4,音,音,×2
W229,くちゅくちゅ,×2,,,,,く|ちゅ|×2,3,,音,,同じ牌の相手語は不採用(牌の組み合わせは同じ),4,音,音,×2
W230,どちゅどちゅ,×2,,,,,ど|ちゅ|×2,3,,音,,ユーザー追加・効果音,4,音,音,×2
W231,ぱくぱく・くぱくぱ,×2,,,,,ぱ|く|×2,3,,音,,同じ牌の組み合わせを統合,4,音,音,×2
W232,ぱかぱか,×2,,,,ぱか,ぱ|か|×2,3,,音,,,4,音,音,×2
W233,かりかり,×2,,,,,か|り|×2,3,,行為,,区分確定,3,行為,行為,×2
W234,びくびく,×2,,,,,び|く|×2,3,,高まり,,,5,反応,高まり,×2
W235,じんじん,×2,,,,,じ|ん|×2,3,,高まり,,,5,反応,高まり,×2
W236,じりじり,×2,,,,,じ|り|×2,3,,高まり,,,5,反応,高まり,×2
W237,じくじく,×2,,,,,じ|く|×2,3,,高まり,,,5,反応,高まり,×2
W238,どくどく,×2,,,,,ど|く|×2,3,,高まり,,,5,反応,高まり,×2
W239,どきどき,×2,,,,,ど|き|×2,3,,高まり,,,5,反応,高まり,×2
W240,ぞくぞく,×2,,,,,ぞ|く|×2,3,,高まり,,,5,反応,高まり,×2
W241,びんびん,×2,,,,,び|ん|×2,3,,高まり,,,5,反応,高まり,×2
W242,かちかち,×2,,,,,か|ち|×2,3,,高まり,,,5,反応,高まり,×2
W243,きつきつ,×2,,,,,き|つ|×2,3,,高まり,,,5,反応,高まり,×2
W244,がくがく,×2,,,,,が|く|×2,3,,高まり,,,5,反応,高まり,×2
W245,かくかく,×2,,,,,か|く|×2,3,,高まり,,,5,反応,高まり,×2
W246,ぱつぱつ,×2,,,,,ぱ|つ|×2,3,,音,,区分確定,4,音,音,×2
W247,どろどろ,×2,,,,,ど|ろ|×2,3,,高まり,,区分は境界(要確認),5,反応,高まり,×2
W248,うるうる,×2,,,,,う|る|×2,3,,高まり,,,5,反応,高まり,×2
W249,つるつる,×2,,,,,つ|る|×2,3,,高まり,,,5,反応,高まり,×2
W250,くんくん,×2,,,,,く|ん|×2,3,,行為,,区分確定,3,行為,行為,×2
W251,すんすん,×2,,,,,す|ん|×2,3,,行為,,区分確定,3,行為,行為,×2
W252,あつあつ,×2,,,,,あ|つ|×2,3,,高まり,,同じ牌の相手語は不採用(牌の組み合わせは同じ),5,反応,高まり,×2
W253,きくきく,×2,,,,きく,き|く|×2,3,,高まり,,ユーザー追加,5,反応,高まり,×2
W254,いくいく,×2,,,,,い|く|×2,3,,絶頂・結末,,同じ牌の相手語は不採用(牌の組み合わせは同じ),5,反応,絶頂・結末,×2
W255,あんあん,×2,,,,,あ|ん|×2,3,,喘ぎ声,可愛い系,,6,喘ぎ声,喘ぎ声,×2
W256,うんうん,×2,,,,,う|ん|×2,3,,喘ぎ声,可愛い系,,6,喘ぎ声,喘ぎ声,×2
W257,おっおっ・ぉ゛っぉ゛っ,×2,,,,,お|っ|×2,3,,喘ぎ声,オホ声系,ぉ゛っぉ゛っ と牌の組み合わせが同じ(ぉ゛=お)なので統合,6,喘ぎ声,喘ぎ声,×2
W258,うっうっ,×2,,,,,う|っ|×2,3,,喘ぎ声,可愛い系,,6,喘ぎ声,喘ぎ声,×2
W259,くっくっ,×2,,,,,く|っ|×2,3,,喘ぎ声,可愛い系,,6,喘ぎ声,喘ぎ声,×2
W260,おうおう,×2,,,,,お|う|×2,3,,喘ぎ声,オホ声系,,6,喘ぎ声,喘ぎ声,×2
W261,あうあう,×2,,,,,あ|う|×2,3,,喘ぎ声,可愛い系,,6,喘ぎ声,喘ぎ声,×2
W262,おんおん・んおんお,×2,,,,,お|ん|×2,3,,喘ぎ声,オホ声系,ユーザー追加 同じ牌の組み合わせを統合,6,喘ぎ声,喘ぎ声,×2
W263,びつち・びっち,単独,,,,,び|つ|ち,3,,態度,,つ=っ互換で同じ牌の組み合わせ→1語として登録(きつく・きっく と同じ扱い)。区分は案,1,感情・誘い,態度,追加(面子)
W264,いき穴,穴型,穴,穴,語尾,いき,い|き|穴,3,,穴,,穴型。語幹『いき』は絶頂系なので区分は境界,2,部位,穴,追加(面子)
W265,ぱこ穴,穴型,穴,穴,語尾,ぱこ,ぱ|こ|穴,3,,穴,,穴型,2,部位,穴,追加(面子)
W266,エロぱこ,エロ型,エロ,エロ,語頭,ぱこ,エロ|ぱ|こ,3,,行為,,エロ型(語幹が行為系),3,行為,行為,追加(面子)
W267,ぱこ♡,♡型,♡,♡,語尾,ぱこ,ぱ|こ|♡,3,,行為,,♡型(語幹が行為系),3,行為,行為,追加(面子)
W268,まぞぬれ,ぬれ型,ぬれ,ぬれ,語尾,まぞ,ま|ぞ|ぬれ,3,SM,SM,,ぬれ牌を語尾に使う初の語,2,部位,SM,追加(面子)
W269,ちちコキ,コキ型,コキ,コキ,語尾,ちち,ち|ち|コキ,3,胸,行為,,語幹『ちち』(胸)・ち2枚使用,3,行為,行為,追加(面子)
W270,ちち♡,♡型,♡,♡,語尾,ちち,ち|ち|♡,3,胸,胸,,語幹『ちち』(胸)・ち2枚使用,2,部位,胸,追加(面子)
W271,おちち,単独,,,,,お|ち|ち,3,胸,胸,,単独語・ち2枚使用,2,部位,胸,追加(面子)
W272,いき♡,♡型,♡,♡,語尾,いき,い|き|♡,3,,絶頂・結末,,語幹『いき』(新)+♡,5,反応,絶頂・結末,追加(絶頂・結末)
W273,エロいき,エロ型,エロ,エロ,語頭,いき,エロ|い|き,3,,絶頂・結末,,語幹『いき』+エロ,5,反応,絶頂・結末,追加(絶頂・結末)
W274,ぬれいき,ぬれ型,ぬれ,ぬれ,語頭,いき,ぬれ|い|き,3,,絶頂・結末,,語幹『いき』+ぬれ,5,反応,絶頂・結末,追加(絶頂・結末)
W275,見せいき,見せ型,見せ,見せ,語頭,いき,見せ|い|き,3,,絶頂・結末,,語幹『いき』+見せ(役『見られてイく』と相性),5,反応,絶頂・結末,追加(絶頂・結末)
W276,おち♡,♡型,♡,♡,語尾,おち,お|ち|♡,3,,絶頂・結末,,堕ち(ユーザー案),5,反応,絶頂・結末,追加(絶頂・結末)
W277,エロおち,エロ型,エロ,エロ,語頭,おち,エロ|お|ち,3,,絶頂・結末,,エロ堕ち,5,反応,絶頂・結末,追加(絶頂・結末)
W278,まける,単独,,,,,ま|け|る,3,,絶頂・結末,,負ける(屈服),5,反応,絶頂・結末,追加(絶頂・結末)
W279,まけ♡,♡型,♡,♡,語尾,まけ,ま|け|♡,3,,絶頂・結末,,負け♡,5,反応,絶頂・結末,追加(絶頂・結末)
W280,どろっ,単独,,,,,ど|ろ|っ,3,,絶頂・結末,,,5,反応,絶頂・結末,追加(絶頂・結末)
W281,ちつしゃ,単独,,,,,ち|つ|しゃ,3,,絶頂・結末,,部位射精(膣),5,反応,絶頂・結末,追加(絶頂・結末)
W282,ちちしゃ,単独,,,,,ち|ち|しゃ,3,,絶頂・結末,,部位射精(胸)。ぱいしゃと別語幹,5,反応,絶頂・結末,追加(絶頂・結末)
W283,べろしゃ,単独,,,,,べ|ろ|しゃ,3,,絶頂・結末,,部位射精(舌),5,反応,絶頂・結末,追加(絶頂・結末)
W284,おちな,単独,,,,,お|ち|な,3,,命令・誘い,,命令語(おちろの仲間),1,感情・誘い,命令・誘い,追加(絶頂・結末)
W285,デカ見せ♡,修飾3型,,デカ|見せ|♡,,,デカ|見せ|♡,3,,修飾3,,修飾牌3つの語,0,前置き,三種型,前置き(案B)
W286,エロ見せ穴,修飾3型,,エロ|見せ|穴,,,エロ|見せ|穴,3,,修飾3,,修飾牌3つの語,0,前置き,三種型,前置き(案B)
W287,エロ見せ♡,修飾3型,,エロ|見せ|♡,,,エロ|見せ|♡,3,,修飾3,,修飾牌3つの語,0,前置き,三種型,前置き(案B)
W288,見せぬれ穴,修飾3型,,見せ|ぬれ|穴,,,見せ|ぬれ|穴,3,,修飾3,,修飾牌3つの語,0,前置き,三種型,前置き(案B)
W289,見せぬれ♡,修飾3型,,見せ|ぬれ|♡,,,見せ|ぬれ|♡,3,,修飾3,,修飾牌3つの語,0,前置き,三種型,前置き(案B)
W290,見せ穴♡,修飾3型,,見せ|穴|♡,,,見せ|穴|♡,3,,修飾3,,修飾牌3つの語,0,前置き,三種型,前置き(案B)
W291,媚び見せ♡,修飾3型,,媚び|見せ|♡,,,媚び|見せ|♡,3,,修飾3,,修飾牌3つの語,0,前置き,三種型,前置き(案B)
W292,舐め見せ♡,修飾3型,,舐め|見せ|♡,,,舐め|見せ|♡,3,,修飾3,,修飾牌3つの語,0,前置き,三種型,前置き(案B)
W293,コキ見せ♡,修飾3型,,コキ|見せ|♡,,,コキ|見せ|♡,3,,修飾3,,修飾牌3つの語,0,前置き,三種型,前置き(案B)
W294,エロデカ♡,修飾3型,,エロ|デカ|♡,,,エロ|デカ|♡,3,,修飾3,,修飾牌3つの語,0,前置き,三種型,前置き(案B)
W295,デカぬれ♡,修飾3型,,デカ|ぬれ|♡,,,デカ|ぬれ|♡,3,,修飾3,,修飾牌3つの語,0,前置き,三種型,前置き(案B)
W296,デカ媚び♡,修飾3型,,デカ|媚び|♡,,,デカ|媚び|♡,3,,修飾3,,修飾牌3つの語,0,前置き,三種型,前置き(案B)
W297,エロぬれ穴,修飾3型,,エロ|ぬれ|穴,,,エロ|ぬれ|穴,3,,修飾3,,修飾牌3つの語,0,前置き,三種型,前置き(案B)
W298,ぬれエロ♡,修飾3型,,ぬれ|エロ|♡,,,ぬれ|エロ|♡,3,,修飾3,,修飾牌3つの語,0,前置き,三種型,前置き(案B)
W299,エロ媚び穴,修飾3型,,エロ|媚び|穴,,,エロ|媚び|穴,3,,修飾3,,修飾牌3つの語,0,前置き,三種型,前置き(案B)
W300,エロ穴♡,修飾3型,,エロ|穴|♡,,,エロ|穴|♡,3,,修飾3,,修飾牌3つの語,0,前置き,三種型,前置き(案B)
W301,エロコキ穴,修飾3型,,エロ|コキ|穴,,,エロ|コキ|穴,3,,修飾3,,修飾牌3つの語,0,前置き,三種型,前置き(案B)
W302,エロ媚び♡,修飾3型,,エロ|媚び|♡,,,エロ|媚び|♡,3,,修飾3,,修飾牌3つの語,0,前置き,三種型,前置き(案B)
W303,エロ舐め♡,修飾3型,,エロ|舐め|♡,,,エロ|舐め|♡,3,,修飾3,,修飾牌3つの語,0,前置き,三種型,前置き(案B)
W304,エロコキ♡,修飾3型,,エロ|コキ|♡,,,エロ|コキ|♡,3,,修飾3,,修飾牌3つの語,0,前置き,三種型,前置き(案B)
W305,ぬれ媚び穴,修飾3型,,ぬれ|媚び|穴,,,ぬれ|媚び|穴,3,,修飾3,,修飾牌3つの語,0,前置き,三種型,前置き(案B)
W306,ぬれ穴♡,修飾3型,,ぬれ|穴|♡,,,ぬれ|穴|♡,3,,修飾3,,修飾牌3つの語,0,前置き,三種型,前置き(案B)
W307,ぬれ舐め穴,修飾3型,,ぬれ|舐め|穴,,,ぬれ|舐め|穴,3,,修飾3,,修飾牌3つの語,0,前置き,三種型,前置き(案B)
W308,ぬれコキ穴,修飾3型,,ぬれ|コキ|穴,,,ぬれ|コキ|穴,3,,修飾3,,修飾牌3つの語,0,前置き,三種型,前置き(案B)
W309,ぬれ媚び♡,修飾3型,,ぬれ|媚び|♡,,,ぬれ|媚び|♡,3,,修飾3,,修飾牌3つの語,0,前置き,三種型,前置き(案B)
W310,ぬれ舐め♡,修飾3型,,ぬれ|舐め|♡,,,ぬれ|舐め|♡,3,,修飾3,,修飾牌3つの語,0,前置き,三種型,前置き(案B)
W311,ぬれコキ♡,修飾3型,,ぬれ|コキ|♡,,,ぬれ|コキ|♡,3,,修飾3,,修飾牌3つの語,0,前置き,三種型,前置き(案B)
W312,穴媚び♡,修飾3型,,穴|媚び|♡,,,穴|媚び|♡,3,,修飾3,,修飾牌3つの語,0,前置き,三種型,前置き(案B)
W313,媚び舐め穴,修飾3型,,媚び|舐め|穴,,,媚び|舐め|穴,3,,修飾3,,修飾牌3つの語,0,前置き,三種型,前置き(案B)
W314,媚びコキ穴,修飾3型,,媚び|コキ|穴,,,媚び|コキ|穴,3,,修飾3,,修飾牌3つの語,0,前置き,三種型,前置き(案B)
W315,穴舐め♡,修飾3型,,穴|舐め|♡,,,穴|舐め|♡,3,,修飾3,,修飾牌3つの語,0,前置き,三種型,前置き(案B)
W316,穴コキ♡,修飾3型,,穴|コキ|♡,,,穴|コキ|♡,3,,修飾3,,修飾牌3つの語,0,前置き,三種型,前置き(案B)
W317,コキ舐め穴,修飾3型,,コキ|舐め|穴,,,コキ|舐め|穴,3,,修飾3,,修飾牌3つの語,0,前置き,三種型,前置き(案B)
W318,舐め媚び♡,修飾3型,,舐め|媚び|♡,,,舐め|媚び|♡,3,,修飾3,,修飾牌3つの語,0,前置き,三種型,前置き(案B)
W319,媚びコキ♡,修飾3型,,媚び|コキ|♡,,,媚び|コキ|♡,3,,修飾3,,修飾牌3つの語,0,前置き,三種型,前置き(案B)
W320,コキ舐め♡,修飾3型,,コキ|舐め|♡,,,コキ|舐め|♡,3,,修飾3,,修飾牌3つの語,0,前置き,三種型,前置き(案B)
W321,見せ見せ穴,修飾3型,,見せ|見せ|穴,,,見せ|見せ|穴,3,,修飾3,,修飾牌3つの語,0,前置き,重ね型,前置き(案B)
W322,見せ見せ♡,修飾3型,,見せ|見せ|♡,,,見せ|見せ|♡,3,,修飾3,,修飾牌3つの語,0,前置き,重ね型,前置き(案B)
W323,デカデカ♡,修飾3型,,デカ|デカ|♡,,,デカ|デカ|♡,3,,修飾3,,修飾牌3つの語,0,前置き,重ね型,前置き(案B)
W324,エロエロ穴,修飾3型,,エロ|エロ|穴,,,エロ|エロ|穴,3,,修飾3,,修飾牌3つの語,0,前置き,重ね型,前置き(案B)
W325,エロエロ♡,修飾3型,,エロ|エロ|♡,,,エロ|エロ|♡,3,,修飾3,,修飾牌3つの語,0,前置き,重ね型,前置き(案B)
W326,ぬれぬれ穴,修飾3型,,ぬれ|ぬれ|穴,,,ぬれ|ぬれ|穴,3,,修飾3,,修飾牌3つの語,0,前置き,重ね型,前置き(案B)
W327,ぬれぬれ♡,修飾3型,,ぬれ|ぬれ|♡,,,ぬれ|ぬれ|♡,3,,修飾3,,修飾牌3つの語,0,前置き,重ね型,前置き(案B)
W328,媚び媚び穴,修飾3型,,媚び|媚び|穴,,,媚び|媚び|穴,3,,修飾3,,修飾牌3つの語,0,前置き,重ね型,前置き(案B)
W329,媚び媚び♡,修飾3型,,媚び|媚び|♡,,,媚び|媚び|♡,3,,修飾3,,修飾牌3つの語,0,前置き,重ね型,前置き(案B)
W330,見せ♡♡,修飾3型,,見せ|♡|♡,,,見せ|♡|♡,3,,修飾3,,修飾牌3つの語,0,前置き,重ね型,前置き(案B)
W331,デカ♡♡,修飾3型,,デカ|♡|♡,,,デカ|♡|♡,3,,修飾3,,修飾牌3つの語,0,前置き,重ね型,前置き(案B)
W332,エロ♡♡,修飾3型,,エロ|♡|♡,,,エロ|♡|♡,3,,修飾3,,修飾牌3つの語,0,前置き,重ね型,前置き(案B)
W333,ぬれ♡♡,修飾3型,,ぬれ|♡|♡,,,ぬれ|♡|♡,3,,修飾3,,修飾牌3つの語,0,前置き,重ね型,前置き(案B)
W334,穴♡♡,修飾3型,,穴|♡|♡,,,穴|♡|♡,3,,修飾3,,修飾牌3つの語,0,前置き,重ね型,前置き(案B)
W335,媚び♡♡,修飾3型,,媚び|♡|♡,,,媚び|♡|♡,3,,修飾3,,修飾牌3つの語,0,前置き,重ね型,前置き(案B)
W336,舐め♡♡,修飾3型,,舐め|♡|♡,,,舐め|♡|♡,3,,修飾3,,修飾牌3つの語,0,前置き,重ね型,前置き(案B)
W337,コキ♡♡,修飾3型,,コキ|♡|♡,,,コキ|♡|♡,3,,修飾3,,修飾牌3つの語,0,前置き,重ね型,前置き(案B)
W338,舐め舐め穴,修飾3型,,舐め|舐め|穴,,,舐め|舐め|穴,3,,修飾3,,修飾牌3つの語,0,前置き,重ね型,前置き(案B)
W339,舐め舐め♡,修飾3型,,舐め|舐め|♡,,,舐め|舐め|♡,3,,修飾3,,修飾牌3つの語,0,前置き,重ね型,前置き(案B)
W340,コキコキ穴,修飾3型,,コキ|コキ|穴,,,コキ|コキ|穴,3,,修飾3,,修飾牌3つの語,0,前置き,重ね型,前置き(案B)
W341,コキコキ♡,修飾3型,,コキ|コキ|♡,,,コキ|コキ|♡,3,,修飾3,,修飾牌3つの語,0,前置き,重ね型,前置き(案B)
W342,♡♡♡,修飾3型,,♡|♡|♡,,,♡|♡|♡,3,,修飾3,,修飾牌3つの語,0,前置き,三つ同じ,前置き(案B)
