id,name,pattern,group,tier,condition_type,params,han_provisional,han_status,description
Y001,ちら見せ,はしご(修飾牌),mod:見せ,2,count_same_modifier,mod=見せ;n=2,1,仮,見せを使う語が2語
Y002,見せたがり,はしご(修飾牌),mod:見せ,3,count_same_modifier,mod=見せ;n=3,2,仮,見せを使う語が3語
Y003,デカめ,はしご(修飾牌),mod:デカ,2,count_same_modifier,mod=デカ;n=2,1,仮,デカを使う語が2語
Y004,デカ盛り,はしご(修飾牌),mod:デカ,3,count_same_modifier,mod=デカ;n=3,2,仮,デカを使う語が3語
Y005,ちょいエロ,はしご(修飾牌),mod:エロ,2,count_same_modifier,mod=エロ;n=2,1,仮,エロを使う語が2語
Y006,エロ全開,はしご(修飾牌),mod:エロ,3,count_same_modifier,mod=エロ;n=3,2,仮,エロを使う語が3語
Y007,しっとり,はしご(修飾牌),mod:ぬれ,2,count_same_modifier,mod=ぬれ;n=2,1,仮,ぬれを使う語が2語
Y008,びしょ濡れ,はしご(修飾牌),mod:ぬれ,3,count_same_modifier,mod=ぬれ;n=3,2,仮,ぬれを使う語が3語
Y009,穴ふたつ,はしご(修飾牌),mod:穴,2,count_same_modifier,mod=穴;n=2,1,仮,穴を使う語が2語
Y010,穴だらけ,はしご(修飾牌),mod:穴,3,count_same_modifier,mod=穴;n=3,2,仮,穴を使う語が3語
Y011,上目づかい,はしご(修飾牌),mod:媚び,2,count_same_modifier,mod=媚び;n=2,1,仮,媚びを使う語が2語
Y012,媚び媚び,はしご(修飾牌),mod:媚び,3,count_same_modifier,mod=媚び;n=3,2,仮,媚びを使う語が3語
Y013,ハート多め,はしご(修飾牌),mod:♡,2,count_same_modifier,mod=♡;n=2,1,仮,♡を使う語が2語
Y014,ハートまみれ,はしご(修飾牌),mod:♡,3,count_same_modifier,mod=♡;n=3,2,仮,♡を使う語が3語
Y015,ぺろぺろ,はしご(修飾牌),mod:舐め,2,count_same_modifier,mod=舐め;n=2,1,仮,舐めを使う語が2語
Y016,舐め尽くし,はしご(修飾牌),mod:舐め,3,count_same_modifier,mod=舐め;n=3,2,仮,舐めを使う語が3語
Y017,しこしこ,はしご(修飾牌),mod:コキ,2,count_same_modifier,mod=コキ;n=2,1,仮,コキを使う語が2語
Y018,搾り取り,はしご(修飾牌),mod:コキ,3,count_same_modifier,mod=コキ;n=3,2,仮,コキを使う語が3語
Y019,ちん好き,はしご(語幹),stem:ちん,2,count_same_stem,stem=ちん;n=2,1,仮,語幹ちんの語が2語
Y020,ちんに夢中,はしご(語幹),stem:ちん,3,count_same_stem,stem=ちん;n=3,2,仮,語幹ちんの語が3語
Y021,目が釘づけ,はしご(語幹),stem:ちん,4,one_from_each,stem:ちん;stem:ちん;stem:ちん;part:男性器,3,仮,語幹ちんの語が3語以上で、残り1語も同じ部位(4語とも男性器)
Y022,まん好き,はしご(語幹),stem:まん,2,count_same_stem,stem=まん;n=2,1,仮,語幹まんの語が2語
Y023,まんに夢中,はしご(語幹),stem:まん,3,count_same_stem,stem=まん;n=3,2,仮,語幹まんの語が3語
Y024,目が釘づけ,はしご(語幹),stem:まん,4,one_from_each,stem:まん;stem:まん;stem:まん;part:女性器,3,仮,語幹まんの語が3語以上で、残り1語も同じ部位(4語とも女性器)
Y025,けつ好き,はしご(語幹),stem:けつ,2,count_same_stem,stem=けつ;n=2,1,仮,語幹けつの語が2語
Y026,けつに夢中,はしご(語幹),stem:けつ,3,count_same_stem,stem=けつ;n=3,2,仮,語幹けつの語が3語
Y027,目が釘づけ,はしご(語幹),stem:けつ,4,one_from_each,stem:けつ;stem:けつ;stem:けつ;part:後ろ,3,仮,語幹けつの語が3語以上で、残り1語も同じ部位(4語とも後ろ)
Y028,ぱい好き,はしご(語幹),stem:ぱい,2,count_same_stem,stem=ぱい;n=2,1,仮,語幹ぱいの語が2語
Y029,ぱいに夢中,はしご(語幹),stem:ぱい,3,count_same_stem,stem=ぱい;n=3,2,仮,語幹ぱいの語が3語
Y030,目が釘づけ,はしご(語幹),stem:ぱい,4,one_from_each,stem:ぱい;stem:ぱい;stem:ぱい;part:胸,3,仮,語幹ぱいの語が3語以上で、残り1語も同じ部位(4語とも胸)
Y031,くり好き,はしご(語幹),stem:くり,2,count_same_stem,stem=くり;n=2,1,仮,語幹くりの語が2語
Y032,くりに夢中,はしご(語幹),stem:くり,3,count_same_stem,stem=くり;n=3,2,仮,語幹くりの語が3語
Y033,目が釘づけ,はしご(語幹),stem:くり,4,one_from_each,stem:くり;stem:くり;stem:くり;part:女性器,3,仮,語幹くりの語が3語以上で、残り1語も同じ部位(4語とも女性器)
Y034,ちつ好き,はしご(語幹),stem:ちつ,2,count_same_stem,stem=ちつ;n=2,1,仮,語幹ちつの語が2語
Y035,ちつに夢中,はしご(語幹),stem:ちつ,3,count_same_stem,stem=ちつ;n=3,2,仮,語幹ちつの語が3語
Y036,目が釘づけ,はしご(語幹),stem:ちつ,4,one_from_each,stem:ちつ;stem:ちつ;stem:ちつ;part:女性器,3,仮,語幹ちつの語が3語以上で、残り1語も同じ部位(4語とも女性器)
Y037,ちん系コンビ,はしご(部位),part:男性器,2,count_part,part=男性器;n=2,1,仮,男性器の語が2語以上
Y038,ちん系トリオ,はしご(部位),part:男性器,3,count_part,part=男性器;n=3,2,仮,男性器の語が3語以上
Y039,ちん系カルテット,はしご(部位),part:男性器,4,count_part,part=男性器;n=4,3,仮,男性器の語が4語以上
Y040,まん系コンビ,はしご(部位),part:女性器,2,count_part,part=女性器;n=2,1,仮,女性器の語が2語以上
Y041,まん系トリオ,はしご(部位),part:女性器,3,count_part,part=女性器;n=3,2,仮,女性器の語が3語以上
Y042,まん系カルテット,はしご(部位),part:女性器,4,count_part,part=女性器;n=4,3,仮,女性器の語が4語以上
Y043,ぱい系コンビ,はしご(部位),part:胸,2,count_part,part=胸;n=2,1,仮,胸の語が2語以上
Y044,ぱい系トリオ,はしご(部位),part:胸,3,count_part,part=胸;n=3,2,仮,胸の語が3語以上
Y045,ぱい系カルテット,はしご(部位),part:胸,4,count_part,part=胸;n=4,3,仮,胸の語が4語以上
Y046,けつ系コンビ,はしご(部位),part:後ろ,2,count_part,part=後ろ;n=2,1,仮,後ろの語が2語以上
Y047,けつ系トリオ,はしご(部位),part:後ろ,3,count_part,part=後ろ;n=3,2,仮,後ろの語が3語以上
Y048,けつ系カルテット,はしご(部位),part:後ろ,4,count_part,part=後ろ;n=4,3,仮,後ろの語が4語以上
Y049,語尾そろい,構造型,,0,count_tail_same_part,n=3,2,未定,語尾牌(穴・媚び・♡・舐め・コキ)を使う語が3語以上で、それらが同じ部位
Y050,語頭づくし,構造型,,0,all_in_set,set=pos:語頭,3,仮,4語すべて語頭の修飾牌付き(見せ・デカ・エロ・ぬれ)
Y051,語尾づくし,構造型,,0,all_in_set,set=pos:語尾,2,仮,4語すべて語尾の修飾牌付き(穴・媚び・♡・舐め・コキ)
Y052,素の言葉,構造型,,0,singles_eq,n=4,2,仮,単独語だけで4語
Y053,修飾づくし,構造型,,0,singles_eq,n=0,1,仮,単独語なし(4語すべて修飾牌付き)
Y054,全身くまなく,構造型,,0,one_from_each,part:男性器;part:女性器;part:胸;part:後ろ,1,仮,男性器・女性器・胸・後ろの語を1つずつ
Y055,中イキ,構造型,,0,one_from_each,stem:まん|まんこ|おめこ|おまめ;stem:くり;stem:ちつ,1,仮,まんの語(まんこ・おめこ含む)・くりの語・ちつの語を1つずつ
Y056,キスの雨,カテゴリ集め型,,0,count_in_set,min=2;set=ちゅっちゅ|べろちゅ|きっす|すき♡・きす♡|穴すき・きす穴|エロすき・エロきす|ぬれすき・ぬれきす|ちゅぱっ|ちゅぽっ|ちゅるっ|ちゅっ♡|ちゅぱ♡|ちゅぽ♡|ちゅる♡|ちゅう♡|エロちゅう|んちゅ♡|んちゅう|べろべろ|ちゅぱちゅぱ|ちゅぽちゅぽ|ちゅるちゅる|ちゅうちゅう,1,仮,キス系が2語以上
Y057,絶頂そろい,カテゴリ集め型,,0,count_in_set,min=2;set=がんしゃ|しゃせい|あくめ|いくっ|まんしゃ|けつしゃ|ぱいしゃ|おちる|くちしゃ|いく♡|いきっ|いくう|いくいく|いき♡|エロいき|ぬれいき|見せいき|おち♡|エロおち|まける|まけ♡|どろっ|ちつしゃ|ちちしゃ|べろしゃ,2,仮,絶頂系が2語以上
Y058,まさかのキスアクメ,カテゴリ集め型,,0,count_in_set,min=3;set=ちゅっちゅ|べろちゅ|きっす|すき♡・きす♡|穴すき・きす穴|エロすき・エロきす|ぬれすき・ぬれきす|ちゅぱっ|ちゅぽっ|ちゅるっ|ちゅっ♡|ちゅぱ♡|ちゅぽ♡|ちゅる♡|ちゅう♡|エロちゅう|んちゅ♡|んちゅう|べろべろ|ちゅぱちゅぱ|ちゅぽちゅぽ|ちゅるちゅる|ちゅうちゅう|がんしゃ|しゃせい|あくめ|いくっ|まんしゃ|けつしゃ|ぱいしゃ|おちる|くちしゃ|いく♡|いきっ|いくう|いくいく|いき♡|エロいき|ぬれいき|見せいき|おち♡|エロおち|まける|まけ♡|どろっ|ちつしゃ|ちちしゃ|べろしゃ,4,未定,キス系か絶頂系の語が3語以上
Y059,淫語中毒,ペア型,,0,contains_all,ちんぽ|まんこ,3,仮,ちんぽ + まんこ
Y060,前も後ろも,ペア型,,0,contains_all,まんこ|あなる,3,仮,まんこ + あなる
Y061,見せ合い,ペア型,,0,contains_all,見せちん|見せまん,3,仮,見せちん + 見せまん
Y062,らぶらぶ,ペア型,,0,contains_all,ちん♡|まん♡,3,仮,ちん♡ + まん♡
Y063,シックスナイン,ペア型,,0,contains_all,ちん舐め|まん舐め,3,仮,ちん舐め + まん舐め
Y064,むちむち自慢,ペア型,,0,contains_all,デカけつ|デカぱい,3,未定,デカけつ + デカぱい
Y065,M気質,ペア型,,0,contains_all,まぞ穴|まぞ媚び,3,未定,まぞ穴 + まぞ媚び
Y066,S気質,ペア型,,0,contains_all,さど穴|さど媚び,3,未定,さど穴 + さど媚び
Y067,連続絶頂,ペア型,zetcho_chain,1,contains_all,いかせ|いくっ,3,仮,いかせ + いくっ
Y068,主従,ペア型,,0,contains_all,まぞ穴|さど穴/まぞ媚び|さど媚び/まぞコキ|さどコキ,2,仮,まぞ穴 + さど穴、まぞ媚び + さど媚び、またはまぞコキ + さどコキ
Y069,子づくり,行為→結末型,,0,contains_all,こうび|しゃせい,3,仮,こうび + しゃせい
Y070,ご奉仕フィニッシュ,行為→結末型,,0,contains_all,ちん舐め|しゃせい,3,仮,ちん舐め + しゃせい
Y071,顔にぶっかけ,行為→結末型,,0,one_from_each,がんしゃ;ちんコキ|ちん舐め,2,仮,がんしゃ + ちんコキ/ちん舐め
Y072,準備万端,行為→結末型,,0,one_from_each,mod:ぬれ;こうび,2,仮,ぬれの語 + こうび
Y073,攻め♀,行為→結末型,,0,one_from_each,stem:さど;しゃせい,2,未定,さど系の語 + しゃせい
Y074,M堕ち,行為→結末型,,0,one_from_each,stem:まぞ|どまぞ;いくっ|あくめ|いかせ,1,仮,まぞ系の語 + いくっ/あくめ/いかせ
Y075,見られてイく,行為→結末型,,0,one_from_each,mod:見せ;いくっ|あくめ,1,仮,見せの語 + いくっ/あくめ
Y076,濡れて絶頂,行為→結末型,,0,one_from_each,mod:ぬれ;いくっ|あくめ,1,仮,ぬれの語 + いくっ/あくめ
Y077,同時責め,部位×行為型,,0,one_from_each,まんコキ|くりコキ;くり舐め|まん舐め,2,仮,まんコキ/くりコキ + くり舐め/まん舐め
Y078,胸責め,部位×行為型,,0,one_from_each,ちくび|ぽっち;ぱいコキ|ぱい舐め,2,仮,ちくび + ぱいコキ/ぱい舐め
Y079,尻開発,部位×行為型,,0,one_from_each,あなる;けつコキ|けつ舐め|けつ穴,2,仮,あなる + けつコキ/けつ舐め/けつ穴
Y080,デカぱい責め,部位×行為型,,0,one_from_each,デカぱい;ぱいコキ|ぱい舐め|ちくび|ぽっち,2,仮,デカぱい + ぱいコキ/ぱい舐め/ちくび
Y081,調教,部位×行為型,,0,one_from_each,いじり|いじる;stem:まぞ|stem:さど|どまぞ,2,仮,いじり + まぞ系/さど系の語(穴・媚び・コキ)
Y082,三点責め,部位×行為型,,0,one_from_each,ちくび|ぽっち;stem:ぱい;stem:くり,2,仮,ちくび + ぱいの語 + くりの語
Y083,ダブル奉仕,部位×行為型,,0,pair_same_stem_modifiers,コキ|舐め,1,仮,Xコキ + X舐め(Xは同じ語幹)
Y084,恋人のキス,物語型,love,1,one_from_each,ちゅっちゅ|べろちゅ|きっす|すき♡・きす♡|穴すき・きす穴|エロすき・エロきす|ぬれすき・ぬれきす|ちゅぱっ|ちゅぽっ|ちゅるっ|ちゅっ♡|ちゅぱ♡|ちゅぽ♡|ちゅる♡|ちゅう♡|エロちゅう|んちゅ♡|んちゅう|べろべろ|ちゅぱちゅぱ|ちゅぽちゅぽ|ちゅるちゅる|ちゅうちゅう;mod:♡,1,仮,キス系 + ♡の語
Y085,らぶイキ,物語型,love,2,one_from_each,ちゅっちゅ|べろちゅ|きっす|すき♡・きす♡|穴すき・きす穴|エロすき・エロきす|ぬれすき・ぬれきす|ちゅぱっ|ちゅぽっ|ちゅるっ|ちゅっ♡|ちゅぱ♡|ちゅぽ♡|ちゅる♡|ちゅう♡|エロちゅう|んちゅ♡|んちゅう|べろべろ|ちゅぱちゅぱ|ちゅぽちゅぽ|ちゅるちゅる|ちゅうちゅう;mod:♡;がんしゃ|しゃせい|あくめ|いくっ|まんしゃ|けつしゃ|ぱいしゃ|おちる|くちしゃ|いく♡|いきっ|いくう|いくいく|いき♡|エロいき|ぬれいき|見せいき|おち♡|エロおち|まける|まけ♡|どろっ|ちつしゃ|ちちしゃ|べろしゃ,3,未定,キス系 + ♡の語 + 絶頂系
Y086,フルコース,物語型,,0,one_from_each,ちゅっちゅ|べろちゅ|きっす|すき♡・きす♡|穴すき・きす穴|エロすき・エロきす|ぬれすき・ぬれきす|ちゅぱっ|ちゅぽっ|ちゅるっ|ちゅっ♡|ちゅぱ♡|ちゅぽ♡|ちゅる♡|ちゅう♡|エロちゅう|んちゅ♡|んちゅう|べろべろ|ちゅぱちゅぱ|ちゅぽちゅぽ|ちゅるちゅる|ちゅうちゅう;mod:コキ|mod:舐め;がんしゃ|しゃせい|あくめ|いくっ|まんしゃ|けつしゃ|ぱいしゃ|おちる|くちしゃ|いく♡|いきっ|いくう|いくいく|いき♡|エロいき|ぬれいき|見せいき|おち♡|エロおち|まける|まけ♡|どろっ|ちつしゃ|ちちしゃ|べろしゃ,3,仮,キス系 + コキ・舐めの語 + 絶頂系
Y087,アクメ地獄,物語型,zetcho_chain,2,contains_all,あくめ|いくっ|いかせ,4,仮,あくめ + いくっ + いかせ
Y088,オホ声,特殊牌型,oho,1,variant_count,tile=ぉ゛;min=1,1,仮,ぉ゛(おの代わりになる牌)を1枚以上使ってアガる
Y089,オホ声・二,特殊牌型,oho,2,variant_count,tile=ぉ゛;min=2,2,仮,ぉ゛を2枚以上使ってアガる
Y090,二組,構造型,,0,stem_pairs,pairs=2,3,仮,同じ語幹が2語ずつ2組(ちん2語+まん2語など)
Y091,二色,構造型,,0,modifier_pairs,pairs=2,3,仮,修飾牌が2種類で、2語ずつ(単独語なし)
Y092,二刀流,構造型,,0,part_pairs,pairs=2,2,仮,部位が2種類で、2語ずつ
Y093,前後半々,構造型,,0,position_split,head=2;tail=2,1,仮,語頭の修飾牌付き2語+語尾の修飾牌付き2語
Y094,ばらばら,構造型,,0,distinct_stems,n=4,1,仮,語幹が4語とも別(単独語なし)
Y095,多色,構造型,,0,distinct_modifiers,n=4,1,仮,修飾牌が4語とも別(単独語なし)
Y096,♂♀,ペア型,,0,one_from_each,stem:めす;stem:おす,2,仮,めす系の語+おす系の語
Y097,行為づくし,カテゴリ集め型,,0,count_in_set,min=2;set=こうび|がんしゃ|いかせ|いじり|いじる|こすり|せめる,2,仮,行為系の単独語が2語以上
Y098,喘ぎ二重唱,カテゴリ集め型,moanchorus,2,count_in_set,min=2;set=あんっ|ああっ|おおっ|んおっ|んんっ|うおお|あうう|うんん|きつく・きっく|きくう|いいっ|いいん|あうっ|おうっ|んおお|ああん|うんっ|くうっ|ううっ|くうん|くうう|あんあん|うんうん|おっおっ・ぉ゛っぉ゛っ|うっうっ|くっくっ|おうおう|あうあう|おんおん・んおんお,2,仮,喘ぎ声の面子が2語以上
Y099,喘ぎ三重奏,カテゴリ集め型,moanchorus,3,count_in_set,min=3;set=あんっ|ああっ|おおっ|んおっ|んんっ|うおお|あうう|うんん|きつく・きっく|きくう|いいっ|いいん|あうっ|おうっ|んおお|ああん|うんっ|くうっ|ううっ|くうん|くうう|あんあん|うんうん|おっおっ・ぉ゛っぉ゛っ|うっうっ|くっくっ|おうおう|あうあう|おんおん・んおんお,4,仮,喘ぎ声の面子が3語以上
Y100,喘ぎながら絶頂,行為→結末型,,0,one_from_each,あんっ|ああっ|おおっ|んおっ|んんっ|うおお|あうう|うんん|きつく・きっく|きくう|いいっ|いいん|あうっ|おうっ|んおお|ああん|うんっ|くうっ|ううっ|くうん|くうう|あんあん|うんうん|おっおっ・ぉ゛っぉ゛っ|うっうっ|くっくっ|おうおう|あうあう|おんおん・んおんお;がんしゃ|しゃせい|あくめ|いくっ|まんしゃ|けつしゃ|ぱいしゃ|おちる|くちしゃ|いく♡|いきっ|いくう|いくいく|いき♡|エロいき|ぬれいき|見せいき|おち♡|エロおち|まける|まけ♡|どろっ|ちつしゃ|ちちしゃ|べろしゃ,2,仮,喘ぎ声の面子 + 絶頂系の語
Y101,キスしながら喘ぐ,物語型,kmz,1,one_from_each,ちゅっちゅ|べろちゅ|きっす|すき♡・きす♡|穴すき・きす穴|エロすき・エロきす|ぬれすき・ぬれきす|ちゅぱっ|ちゅぽっ|ちゅるっ|ちゅっ♡|ちゅぱ♡|ちゅぽ♡|ちゅる♡|ちゅう♡|エロちゅう|んちゅ♡|んちゅう|べろべろ|ちゅぱちゅぱ|ちゅぽちゅぽ|ちゅるちゅる|ちゅうちゅう;あんっ|ああっ|おおっ|んおっ|んんっ|うおお|あうう|うんん|きつく・きっく|きくう|いいっ|いいん|あうっ|おうっ|んおお|ああん|うんっ|くうっ|ううっ|くうん|くうう|あんあん|うんうん|おっおっ・ぉ゛っぉ゛っ|うっうっ|くっくっ|おうおう|あうあう|おんおん・んおんお,2,仮,キス系の語 + 喘ぎ声の面子
Y102,キスから絶頂まで,物語型,kmz,2,one_from_each,ちゅっちゅ|べろちゅ|きっす|すき♡・きす♡|穴すき・きす穴|エロすき・エロきす|ぬれすき・ぬれきす|ちゅぱっ|ちゅぽっ|ちゅるっ|ちゅっ♡|ちゅぱ♡|ちゅぽ♡|ちゅる♡|ちゅう♡|エロちゅう|んちゅ♡|んちゅう|べろべろ|ちゅぱちゅぱ|ちゅぽちゅぽ|ちゅるちゅる|ちゅうちゅう;あんっ|ああっ|おおっ|んおっ|んんっ|うおお|あうう|うんん|きつく・きっく|きくう|いいっ|いいん|あうっ|おうっ|んおお|ああん|うんっ|くうっ|ううっ|くうん|くうう|あんあん|うんうん|おっおっ・ぉ゛っぉ゛っ|うっうっ|くっくっ|おうおう|あうあう|おんおん・んおんお;がんしゃ|しゃせい|あくめ|いくっ|まんしゃ|けつしゃ|ぱいしゃ|おちる|くちしゃ|いく♡|いきっ|いくう|いくいく|いき♡|エロいき|ぬれいき|見せいき|おち♡|エロおち|まける|まけ♡|どろっ|ちつしゃ|ちちしゃ|べろしゃ,4,仮,キス系 + 喘ぎ声の面子 + 絶頂系
Y103,可愛い声,雀頭型,,0,head_flavor,flavor=可愛い系,1,仮,雀頭が可愛い系の喘ぎ声(あん・あっ・んっ・んあ・ああ)
Y104,獣の声,雀頭型,,0,head_flavor,flavor=オホ声系,1,仮,雀頭がオホ声系の喘ぎ声(おっ・んお・おお)
Y105,同じ部位の雀頭,雀頭型,,0,head_part_match,,1,仮,略称の雀頭と、同じ部位の語が手にある
Y106,ちん一筋,雀頭型,headstem:ちん,1,head_stem_match,stem=ちん;min=1,2,仮,雀頭が略称「ちん」で、語幹ちんの語が手に1語以上
Y107,ちんぞっこん,雀頭型,headstem:ちん,2,head_stem_match,stem=ちん;min=2,3,仮,雀頭が略称「ちん」で、語幹ちんの語が手に2語以上
Y108,まん一筋,雀頭型,headstem:まん,1,head_stem_match,stem=まん;min=1,2,仮,雀頭が略称「まん」で、語幹まんの語が手に1語以上
Y109,まんぞっこん,雀頭型,headstem:まん,2,head_stem_match,stem=まん;min=2,3,仮,雀頭が略称「まん」で、語幹まんの語が手に2語以上
Y110,けつ一筋,雀頭型,headstem:けつ,1,head_stem_match,stem=けつ;min=1,2,仮,雀頭が略称「けつ」で、語幹けつの語が手に1語以上
Y111,けつぞっこん,雀頭型,headstem:けつ,2,head_stem_match,stem=けつ;min=2,3,仮,雀頭が略称「けつ」で、語幹けつの語が手に2語以上
Y112,ぱい一筋,雀頭型,headstem:ぱい,1,head_stem_match,stem=ぱい;min=1,2,仮,雀頭が略称「ぱい」で、語幹ぱいの語が手に1語以上
Y113,ぱいぞっこん,雀頭型,headstem:ぱい,2,head_stem_match,stem=ぱい;min=2,3,仮,雀頭が略称「ぱい」で、語幹ぱいの語が手に2語以上
Y114,くり一筋,雀頭型,headstem:くり,1,head_stem_match,stem=くり;min=1,2,仮,雀頭が略称「くり」で、語幹くりの語が手に1語以上
Y115,くりぞっこん,雀頭型,headstem:くり,2,head_stem_match,stem=くり;min=2,3,仮,雀頭が略称「くり」で、語幹くりの語が手に2語以上
Y116,ちつ一筋,雀頭型,headstem:ちつ,1,head_stem_match,stem=ちつ;min=1,2,仮,雀頭が略称「ちつ」で、語幹ちつの語が手に1語以上
Y117,ちつぞっこん,雀頭型,headstem:ちつ,2,head_stem_match,stem=ちつ;min=2,3,仮,雀頭が略称「ちつ」で、語幹ちつの語が手に2語以上
Y118,まぞ一筋,雀頭型,headstem:まぞ,1,head_stem_match,stem=まぞ;min=1,2,仮,雀頭が略称「まぞ」で、語幹まぞの語が手に1語以上
Y119,まぞぞっこん,雀頭型,headstem:まぞ,2,head_stem_match,stem=まぞ;min=2,3,仮,雀頭が略称「まぞ」で、語幹まぞの語が手に2語以上
Y120,さど一筋,雀頭型,headstem:さど,1,head_stem_match,stem=さど;min=1,2,仮,雀頭が略称「さど」で、語幹さどの語が手に1語以上
Y121,さどぞっこん,雀頭型,headstem:さど,2,head_stem_match,stem=さど;min=2,3,仮,雀頭が略称「さど」で、語幹さどの語が手に2語以上
Y122,めす一筋,雀頭型,headstem:めす,1,head_stem_match,stem=めす;min=1,2,仮,雀頭が略称「めす」で、語幹めすの語が手に1語以上
Y123,めすぞっこん,雀頭型,headstem:めす,2,head_stem_match,stem=めす;min=2,3,仮,雀頭が略称「めす」で、語幹めすの語が手に2語以上
Y124,おす一筋,雀頭型,headstem:おす,1,head_stem_match,stem=おす;min=1,2,仮,雀頭が略称「おす」で、語幹おすの語が手に1語以上
Y125,おすぞっこん,雀頭型,headstem:おす,2,head_stem_match,stem=おす;min=2,3,仮,雀頭が略称「おす」で、語幹おすの語が手に2語以上
Y126,べろ一筋,雀頭型,headstem:べろ,1,head_stem_match,stem=べろ;min=1,2,仮,雀頭が略称「べろ」で、語幹べろの語が手に1語以上
Y127,べろぞっこん,雀頭型,headstem:べろ,2,head_stem_match,stem=べろ;min=2,3,仮,雀頭が略称「べろ」で、語幹べろの語が手に2語以上
Y128,赤ちゃんプレイ,単語きっかけ型,,0,contains_all,まま♡,2,仮,まま♡が入る
Y129,赤ちゃんプレイ,単語きっかけ型,,0,contains_all,ままあ,2,仮,ままあが入る(まま♡と同じ面子)
Y130,命令口調,命令語型,cmdchorus,2,count_in_set,min=2;set=なめろ|せめろ|あけろ|おちろ|なめな|せめな|あけな|いきな|いけっ|なけっ|さけべ|いくな,2,仮,命令語が2語以上
Y131,命令口調・三,命令語型,cmdchorus,3,count_in_set,min=3;set=なめろ|せめろ|あけろ|おちろ|なめな|せめな|あけな|いきな|いけっ|なけっ|さけべ|いくな,4,仮,命令語が3語以上
Y132,命令と服従,命令語型,,0,one_from_each,なめろ|せめろ|あけろ|おちろ|なめな|せめな|あけな|いきな|いけっ|なけっ|さけべ|いくな;stem:まぞ|どまぞ,2,仮,命令語 + まぞ系の語
Y133,命令どおりに,命令語型,,0,one_from_each,なめろ|せめろ|あけろ|おちろ|なめな|せめな|あけな|いきな|いけっ|なけっ|さけべ|いくな;mod:舐め|mod:コキ,1,仮,命令語 + 舐め系/コキ系の語
Y134,命令違反,命令語型,,0,one_from_each,いくな;がんしゃ|しゃせい|あくめ|いくっ|まんしゃ|けつしゃ|ぱいしゃ|おちる|くちしゃ|いく♡|いきっ|いくう|いくいく|いき♡|エロいき|ぬれいき|見せいき|おち♡|エロおち|まける|まけ♡|どろっ|ちつしゃ|ちちしゃ|べろしゃ,3,仮,いくな(禁止)+ 絶頂系の語(イってしまう)
Y135,ラブ系,ラブ・快感系,,0,count_in_set,min=1;set=すき♡・きす♡|穴すき・きす穴|エロすき・エロきす|ぬれすき・ぬれきす,1,仮,すき(ラブ)に読める語(すき♡・穴すき・エロすき・ぬれすき)が入る
Y136,快感系,ラブ・快感系,,0,count_in_set,min=1;set=きく♡|穴きく|きつく・きっく|きくう,1,仮,きく系の語(きく♡・穴きく・きつく・きくう)が入る
Y137,快感系,ラブ・快感系,,0,head_is,head=きく,1,仮,雀頭がきく
Y138,オナニー,行為型,,0,count_in_set,min=1;set=エロおな|おな♡|媚びおな|ぬれおな,1,仮,おな系の語(エロおな・おな♡・媚びおな・ぬれおな)が入る
Y139,女王様,命令語型,,0,contains_all,おなめ,1,仮,おなめ(命令語)が入る
Y140,本番,単語きっかけ型,,0,contains_all,こうび,1,未定,こうびが入る
Y141,ぞくぞく,反応型,zoku,1,count_in_set,min=2;set=びくん|びくっ|じんっ|じくっ|どくっ|こりっ|がまん|じりっ|ちゅぱっ|ちゅぽっ|ちゅるっ|さかり|さかる|ぽろり|さんぽ,2,仮,反応・焦らし・吸い音・発情・露出の15語から2語以上
Y142,ぞくぞくが止まらない,反応型,zoku,2,count_in_set,min=3;set=びくん|びくっ|じんっ|じくっ|どくっ|こりっ|がまん|じりっ|ちゅぱっ|ちゅぽっ|ちゅるっ|さかり|さかる|ぽろり|さんぽ,4,仮,同じ15語から3語以上(ほぼ出ない・仮)
Y143,震えて絶頂,反応型,,0,one_from_each,びくん|びくっ|じんっ|じくっ|どくっ|こりっ;がんしゃ|しゃせい|あくめ|いくっ|まんしゃ|けつしゃ|ぱいしゃ|おちる|くちしゃ|いく♡|いきっ|いくう|いくいく|いき♡|エロいき|ぬれいき|見せいき|おち♡|エロおち|まける|まけ♡|どろっ|ちつしゃ|ちちしゃ|べろしゃ,2,仮,反応の語 + 絶頂系の語
Y144,じらして絶頂,焦らし型,,0,one_from_each,がまん|じりっ|いじる|せめる|こすり;がんしゃ|しゃせい|あくめ|いくっ|まんしゃ|けつしゃ|ぱいしゃ|おちる|くちしゃ|いく♡|いきっ|いくう|いくいく|いき♡|エロいき|ぬれいき|見せいき|おち♡|エロおち|まける|まけ♡|どろっ|ちつしゃ|ちちしゃ|べろしゃ,2,仮,焦らし・責めの語(がまん・じりっ・いじる・せめる・こすり) + 絶頂系の語
Y145,とろけ顔,反応型,,0,one_from_each,びくん|びくっ|じんっ|じくっ|どくっ|こりっ;ちゅっちゅ|べろちゅ|きっす|すき♡・きす♡|穴すき・きす穴|エロすき・エロきす|ぬれすき・ぬれきす|ちゅぱっ|ちゅぽっ|ちゅるっ|ちゅっ♡|ちゅぱ♡|ちゅぽ♡|ちゅる♡|ちゅう♡|エロちゅう|んちゅ♡|んちゅう|べろべろ|ちゅぱちゅぱ|ちゅぽちゅぽ|ちゅるちゅる|ちゅうちゅう|きく♡|穴きく|きつく・きっく|きくう,1,仮,反応の語 + キス系/快感系の語
Y146,吸いつきご奉仕,吸い音型,,0,one_from_each,ちゅぱっ|ちゅぽっ|ちゅるっ;mod:舐め|mod:コキ,1,仮,吸い音の語 + 舐め/コキの語
Y147,ちゅぱちゅぱ,吸い音型,,0,one_from_each,ちゅぱっ|ちゅぽっ|ちゅるっ;ちゅっちゅ|べろちゅ|きっす|すき♡・きす♡|穴すき・きす穴|エロすき・エロきす|ぬれすき・ぬれきす|ちゅぱっ|ちゅぽっ|ちゅるっ|ちゅっ♡|ちゅぱ♡|ちゅぽ♡|ちゅる♡|ちゅう♡|エロちゅう|んちゅ♡|んちゅう|べろべろ|ちゅぱちゅぱ|ちゅぽちゅぽ|ちゅるちゅる|ちゅうちゅう,2,仮,吸い音の語 + キス系の語
Y148,盛りのついた,発情型,,0,one_from_each,さかり|さかる;mod:ぬれ|mod:♡|mod:見せ,2,仮,発情の語(さかり・さかる) + ぬれ/♡/見せの語
Y149,露出ぐせ,露出型,,0,one_from_each,ぽろり|さんぽ;mod:見せ,2,仮,露出の語(ぽろり・さんぽ) + 見せの語
Y150,堕ちてイく,堕ち型,,0,one_from_each,おちる;がんしゃ|しゃせい|あくめ|いくっ|まんしゃ|けつしゃ|ぱいしゃ|おちる|くちしゃ|いく♡|いきっ|いくう|いくいく|いき♡|エロいき|ぬれいき|見せいき|おち♡|エロおち|まける|まけ♡|どろっ|ちつしゃ|ちちしゃ|べろしゃ,3,仮,おちる + 絶頂系の語
Y151,媚びまくり,媚態型,,0,one_from_each,こびる;mod:媚び|mod:♡,3,仮,こびる + 媚び/♡の語
Y152,どMの悦び,SM型,,0,one_from_each,どまぞ;いじる|せめる|なめろ|せめろ|あけろ|おちろ|なめな|せめな|あけな|いきな|いけっ|なけっ|さけべ|いくな,3,仮,どまぞ + いじる/せめる/命令語
Y153,つがいの営み,番型,,0,one_from_each,つがい;こうび|stem:めす|stem:おす,3,仮,つがい + こうび/めす系/おす系の語
Y154,おくちまんこ,行為→結末型,,0,one_from_each,くちしゃ;mod:舐め|mod:コキ|stem:くち|stem:ちん,3,仮,くちしゃ + 舐め/コキ/くち系/ちん系の語
Y155,すじ好き,はしご(語幹),stem:すじ,2,count_same_stem,stem=すじ;n=2,3,仮,語幹すじの語が2語以上
Y156,ぶっかけ,v1.3n追加,bk,1,count_in_set,min=1;set=がんしゃ|まんしゃ|けつしゃ|ぱいしゃ|くちしゃ,1,仮,v1.3n で追加(試作HTMLの役エンジンから取り込み)
Y157,ぶっかけでイクっ,v1.3n追加,bk,2,one_from_each,がんしゃ|まんしゃ|けつしゃ|ぱいしゃ|くちしゃ;がんしゃ|しゃせい|あくめ|いくっ|まんしゃ|けつしゃ|ぱいしゃ|おちる|くちしゃ|いく♡|いきっ|いくう|いくいく|いき♡|エロいき|ぬれいき|見せいき|おち♡|エロおち|まける|まけ♡|どろっ|ちつしゃ|ちちしゃ|べろしゃ,3,仮,v1.3n で追加(試作HTMLの役エンジンから取り込み)
Y158,ぱいにぶっかけ,v1.3n追加,,0,one_from_each,ぱいしゃ;part:胸,3,仮,v1.3n で追加(試作HTMLの役エンジンから取り込み)
Y159,まんにぶっかけ,v1.3n追加,,0,one_from_each,まんしゃ;part:女性器,2,仮,v1.3n で追加(試作HTMLの役エンジンから取り込み)
Y160,けつにぶっかけ,v1.3n追加,,0,one_from_each,けつしゃ;part:後ろ,3,仮,v1.3n で追加(試作HTMLの役エンジンから取り込み)
Y161,女王様のご命令,v1.3n追加,,0,one_from_each,おなめ;なめろ|せめろ|あけろ|おちろ|なめな|せめな|あけな|いきな|いけっ|なけっ|さけべ|いくな,2,仮,v1.3n で追加(試作HTMLの役エンジンから取り込み)
Y162,女王様と下僕,v1.3n追加,,0,one_from_each,おなめ;stem:まぞ|どまぞ,3,仮,v1.3n で追加(試作HTMLの役エンジンから取り込み)
Y163,じっくり責め,v1.3n追加,,0,one_from_each,いじり|いじる|せめる|こすり;mod:ぬれ|mod:♡,1,仮,v1.3n で追加(試作HTMLの役エンジンから取り込み)
Y164,あな好き,v1.3n追加,stem:あな,2,count_same_stem,stem=あな;n=2,3,仮,v1.3n で追加(試作HTMLの役エンジンから取り込み)
Y165,ぱっくり,擬音型,gion,1,count_in_set,min=2;set=ぱかあ|くぱあ|ぱかっ|くぱっ|ぱかん|くちゅっ|くぽっ|ぱか♡|くぱ♡・ぱく♡|くぽ♡,2,仮,擬音の語(割れ目の開き)が2語以上
Y166,全開フルオープン,擬音型,gion,2,count_in_set,min=3;set=ぱかあ|くぱあ|ぱかっ|くぱっ|ぱかん|くちゅっ|くぽっ|ぱか♡|くぱ♡・ぱく♡|くぽ♡,5,仮,擬音の語が3語以上
Y167,ぱかぱか,擬音型,,0,count_in_set,min=2;set=ぱかあ|ぱかっ|ぱかん|ぱか♡,3,仮,ぱか系(ぱかあ・ぱかっ・ぱかん・ぱか♡)が2語以上
Y168,くぱくぱ,擬音型,,0,count_in_set,min=2;set=くぱあ|くぱっ|くぱ♡・ぱく♡,3,仮,くぱ系(くぱあ・くぱっ・くぱ♡)が2語以上
Y169,くぽくぽ,擬音型,,0,count_in_set,min=2;set=くぽっ|くぽ♡,3,仮,くぽ系(くぽっ・くぽ♡)が2語
Y170,ご開帳,擬音×部位,,0,one_from_each,ぱかあ|くぱあ|ぱかっ|くぱっ|ぱかん|くちゅっ|くぽっ|ぱか♡|くぱ♡・ぱく♡|くぽ♡;part:女性器,2,仮,擬音の語 + 女性器の語
Y171,ぬれて開く,擬音×状態,,0,one_from_each,ぱかあ|くぱあ|ぱかっ|くぱっ|ぱかん|くちゅっ|くぽっ|ぱか♡|くぱ♡・ぱく♡|くぽ♡;mod:ぬれ,2,仮,擬音の語 + ぬれの語
Y172,見せびらかし,擬音×状況,,0,one_from_each,ぱかあ|くぱあ|ぱかっ|くぱっ|ぱかん|くちゅっ|くぽっ|ぱか♡|くぱ♡・ぱく♡|くぽ♡;mod:見せ,2,仮,擬音の語 + 見せの語
Y173,開いてあげる♡,擬音×気持ち,,0,one_from_each,ぱかあ|くぱあ|ぱかっ|くぱっ|ぱかん|くちゅっ|くぽっ|ぱか♡|くぱ♡・ぱく♡|くぽ♡;mod:♡,2,仮,擬音の語 + ♡の語(別の語)
Y174,開いてご奉仕,擬音×行為,,0,one_from_each,ぱかあ|くぱあ|ぱかっ|くぱっ|ぱかん|くちゅっ|くぽっ|ぱか♡|くぱ♡・ぱく♡|くぽ♡;mod:舐め|mod:コキ,2,仮,擬音の語 + 舐め/コキの語
Y175,開いてイく,擬音×結末,,0,one_from_each,ぱかあ|くぱあ|ぱかっ|くぱっ|ぱかん|くちゅっ|くぽっ|ぱか♡|くぱ♡・ぱく♡|くぽ♡;がんしゃ|しゃせい|あくめ|いくっ|まんしゃ|けつしゃ|ぱいしゃ|おちる|くちしゃ|いく♡|いきっ|いくう|いくいく|いき♡|エロいき|ぬれいき|見せいき|おち♡|エロおち|まける|まけ♡|どろっ|ちつしゃ|ちちしゃ|べろしゃ,3,仮,擬音の語 + 絶頂系の語
Y176,あけなさい,擬音×命令,,0,one_from_each,ぱかあ|くぱあ|ぱかっ|くぱっ|ぱかん|くちゅっ|くぽっ|ぱか♡|くぱ♡・ぱく♡|くぽ♡;あけろ|あけな,3,仮,擬音の語 + あけろ/あけな(命令語)
Y177,くぽっと,雀頭型,,0,head_is,head=くぽ,2,仮,雀頭がくぽ(擬音)
