id,head,tiles,type,flavor,stem,note
H001,あん,あ|ん,喘ぎ声,可愛い系,,
H002,あっ,あ|っ,喘ぎ声,可愛い系,,
H003,んっ,ん|っ,喘ぎ声,可愛い系,,
H004,んあ,ん|あ,喘ぎ声,可愛い系,,
H005,ああ,あ|あ,喘ぎ声,可愛い系,,
H006,おっ,お|っ,喘ぎ声,オホ声系,,
H007,んお,ん|お,喘ぎ声,オホ声系,,
H008,おお,お|お,喘ぎ声,オホ声系,,
H009,んん,ん|ん,喘ぎ声,どちらでも,,
H010,うお,う|お,喘ぎ声,オホ声系,,
H011,あう,あ|う,喘ぎ声,可愛い系,,
H012,うん,う|ん,喘ぎ声,可愛い系,,
H013,いく,い|く,快感,快感,,快感の語
H014,きく,き|く,快感,快感,,快感の語
H015,くぽ,く|ぽ,擬音,開き,,擬音(開き)
H016,ちん,ち|ん,略称,男性器,ちん,語幹の略称
H017,まん,ま|ん,略称,女性器,まん,語幹の略称
H018,けつ,け|つ,略称,後ろ,けつ,語幹の略称
H019,ぱい,ぱ|い,略称,胸,ぱい,語幹の略称
H020,くり,く|り,略称,女性器,くり,語幹の略称
H021,ちつ,ち|つ,略称,女性器,ちつ,語幹の略称
H022,まぞ,ま|ぞ,略称,SM,まぞ,語幹の略称
H023,さど,さ|ど,略称,SM,さど,語幹の略称
H024,めす,め|す,略称,役割,めす,語幹の略称
H025,おす,お|す,略称,役割,おす,語幹の略称
H026,べろ,べ|ろ,略称,役割,べろ,語幹の略称
H027,まめ,ま|め,略称,女性器,くり,語幹の略称
