name,tile1,tile2,tile3,check_no,name_source
デカ見せ♡,見せ,デカ,♡,5,user
エロ見せ穴,見せ,エロ,穴,9,user
エロ見せ♡,見せ,エロ,♡,11,user
見せぬれ穴,見せ,ぬれ,穴,14,user
見せぬれ♡,見せ,ぬれ,♡,16,user
媚び穴見せ,見せ,穴,媚び,19,user
見せ穴♡,見せ,穴,♡,20,user
コキ穴見せ,見せ,穴,コキ,22,user
媚び見せ♡,見せ,媚び,♡,23,user
舐め見せ♡,見せ,♡,舐め,26,user
コキ見せ♡,見せ,♡,コキ,27,user
エロデカ♡,デカ,エロ,♡,32,user
デカぬれ♡,デカ,ぬれ,♡,37,user
デカ媚び♡,デカ,媚び,♡,44,user
エロぬれ穴,エロ,ぬれ,穴,50,user
エロぬれ媚び,エロ,ぬれ,媚び,51,user
ぬれエロ♡,エロ,ぬれ,♡,52,picks
エロ媚び穴,エロ,穴,媚び,55,picks
エロ穴♡,エロ,穴,♡,56,approved
エロコキ穴,エロ,穴,コキ,58,picks
エロ媚び♡,エロ,媚び,♡,59,picks
エロ舐め♡,エロ,♡,舐め,62,user
エロコキ♡,エロ,♡,コキ,63,user
ぬれ媚び穴,ぬれ,穴,媚び,65,picks
ぬれ穴♡,ぬれ,穴,♡,66,approved
ぬれ舐め穴,ぬれ,穴,舐め,67,picks
ぬれコキ穴,ぬれ,穴,コキ,68,picks
ぬれ媚び♡,ぬれ,媚び,♡,69,picks
ぬれ舐め♡,ぬれ,♡,舐め,72,user
ぬれコキ♡,ぬれ,♡,コキ,73,user
穴媚び♡,穴,媚び,♡,75,picks
媚び舐め穴,穴,媚び,舐め,76,picks
媚びコキ穴,穴,媚び,コキ,77,picks
穴舐め♡,穴,♡,舐め,78,user
穴コキ♡,穴,♡,コキ,79,user
コキ舐め穴,穴,舐め,コキ,80,user
舐め媚び♡,媚び,♡,舐め,81,user
媚びコキ♡,媚び,♡,コキ,82,user
媚び舐めコキ,媚び,舐め,コキ,83,approved
コキ舐め♡,♡,舐め,コキ,84,user
見せ見せエロ,見せ,見せ,エロ,86,user
見せ見せぬれ,見せ,見せ,ぬれ,87,approved
見せ見せ穴,見せ,見せ,穴,88,approved
見せ見せ媚び,見せ,見せ,媚び,89,approved
見せ見せ♡,見せ,見せ,♡,90,approved
見せ見せ舐め,見せ,見せ,舐め,91,approved
見せ見せコキ,見せ,見せ,コキ,92,approved
デカデカ見せ,デカ,デカ,見せ,93,approved
デカデカエロ,デカ,デカ,エロ,94,approved
デカデカぬれ,デカ,デカ,ぬれ,95,approved
デカデカ媚び,デカ,デカ,媚び,97,approved
デカデカ♡,デカ,デカ,♡,98,approved
デカデカコキ,デカ,デカ,コキ,100,approved
エロエロ見せ,エロ,エロ,見せ,101,approved
エロエロデカ,エロ,エロ,デカ,102,approved
エロエロぬれ,エロ,エロ,ぬれ,103,approved
エロエロ穴,エロ,エロ,穴,104,picks
エロエロ媚び,エロ,エロ,媚び,105,approved
エロエロ♡,エロ,エロ,♡,106,picks
エロエロ舐め,エロ,エロ,舐め,107,approved
エロエロコキ,エロ,エロ,コキ,108,approved
ぬれぬれ見せ,ぬれ,ぬれ,見せ,109,approved
ぬれぬれエロ,ぬれ,ぬれ,エロ,111,approved
ぬれぬれ穴,ぬれ,ぬれ,穴,112,picks
ぬれぬれ媚び,ぬれ,ぬれ,媚び,113,approved
ぬれぬれ♡,ぬれ,ぬれ,♡,114,picks
ぬれぬれ舐め,ぬれ,ぬれ,舐め,115,approved
ぬれぬれコキ,ぬれ,ぬれ,コキ,116,approved
見せ媚び媚び,媚び,媚び,見せ,125,approved
エロ媚び媚び,媚び,媚び,エロ,127,approved
ぬれ媚び媚び,媚び,媚び,ぬれ,128,approved
媚び媚び穴,媚び,媚び,穴,129,picks
媚び媚び♡,媚び,媚び,♡,130,picks
媚び媚び舐め,媚び,媚び,舐め,131,approved
媚び媚びコキ,媚び,媚び,コキ,132,approved
見せ♡♡,♡,♡,見せ,133,approved
デカ♡♡,♡,♡,デカ,134,approved
エロ♡♡,♡,♡,エロ,135,approved
ぬれ♡♡,♡,♡,ぬれ,136,approved
穴♡♡,♡,♡,穴,137,user
媚び♡♡,♡,♡,媚び,138,user
舐め♡♡,♡,♡,舐め,139,user
コキ♡♡,♡,♡,コキ,140,user
舐め舐め見せ,舐め,舐め,見せ,141,user
デカ舐め舐め,舐め,舐め,デカ,142,user
エロ舐め舐め,舐め,舐め,エロ,143,user
ぬれ舐め舐め,舐め,舐め,ぬれ,144,approved
舐め舐め穴,舐め,舐め,穴,145,picks
舐め舐め媚び,舐め,舐め,媚び,146,approved
舐め舐め♡,舐め,舐め,♡,147,picks
舐め舐めコキ,舐め,舐め,コキ,148,approved
見せコキコキ,コキ,コキ,見せ,149,approved
デカコキコキ,コキ,コキ,デカ,150,approved
エロコキコキ,コキ,コキ,エロ,151,approved
ぬれコキコキ,コキ,コキ,ぬれ,152,approved
コキコキ穴,コキ,コキ,穴,153,approved
コキコキ媚び,コキ,コキ,媚び,154,approved
コキコキ♡,コキ,コキ,♡,155,picks
コキコキ舐め,コキ,コキ,舐め,156,approved
♡♡♡,♡,♡,♡,163,approved
