id,name,pattern,group,tier,condition_type,params,han_provisional,han_status,description
G01,ぱっくり,擬音型,gion,1,count_in_set,min=2;set=ぱかあ|くぱあ|ぱかっ|くぱっ|ぱかん|くちゅっ|くぽっ|ぱか♡|くぱ♡・ぱく♡|くぽ♡,2,仮,擬音の語(割れ目の開き)が2語以上
G02,全開フルオープン,擬音型,gion,2,count_in_set,min=3;set=ぱかあ|くぱあ|ぱかっ|くぱっ|ぱかん|くちゅっ|くぽっ|ぱか♡|くぱ♡・ぱく♡|くぽ♡,5,仮,擬音の語が3語以上
G03,ぱかぱか,擬音型,,0,count_in_set,min=2;set=ぱかあ|ぱかっ|ぱかん|ぱか♡,3,仮,ぱか系(ぱかあ・ぱかっ・ぱかん・ぱか♡)が2語以上
G04,くぱくぱ,擬音型,,0,count_in_set,min=2;set=くぱあ|くぱっ|くぱ♡・ぱく♡,3,仮,くぱ系(くぱあ・くぱっ・くぱ♡)が2語以上
G05,くぽくぽ,擬音型,,0,count_in_set,min=2;set=くぽっ|くぽ♡,3,仮,くぽ系(くぽっ・くぽ♡)が2語
G06,ご開帳,擬音×部位,,0,one_from_each,ぱかあ|くぱあ|ぱかっ|くぱっ|ぱかん|くちゅっ|くぽっ|ぱか♡|くぱ♡・ぱく♡|くぽ♡;part:女性器,2,仮,擬音の語 + 女性器の語
G07,ぬれて開く,擬音×状態,,0,one_from_each,ぱかあ|くぱあ|ぱかっ|くぱっ|ぱかん|くちゅっ|くぽっ|ぱか♡|くぱ♡・ぱく♡|くぽ♡;mod:ぬれ,2,仮,擬音の語 + ぬれの語
G08,見せびらかし,擬音×状況,,0,one_from_each,ぱかあ|くぱあ|ぱかっ|くぱっ|ぱかん|くちゅっ|くぽっ|ぱか♡|くぱ♡・ぱく♡|くぽ♡;mod:見せ,2,仮,擬音の語 + 見せの語
G09,開いてあげる♡,擬音×気持ち,,0,one_from_each,ぱかあ|くぱあ|ぱかっ|くぱっ|ぱかん|くちゅっ|くぽっ|ぱか♡|くぱ♡・ぱく♡|くぽ♡;mod:♡,2,仮,擬音の語 + ♡の語(別の語)
G10,開いてご奉仕,擬音×行為,,0,one_from_each,ぱかあ|くぱあ|ぱかっ|くぱっ|ぱかん|くちゅっ|くぽっ|ぱか♡|くぱ♡・ぱく♡|くぽ♡;mod:舐め|mod:コキ,2,仮,擬音の語 + 舐め/コキの語
G11,開いてイく,擬音×結末,,0,one_from_each,ぱかあ|くぱあ|ぱかっ|くぱっ|ぱかん|くちゅっ|くぽっ|ぱか♡|くぱ♡・ぱく♡|くぽ♡;いくっ|あくめ|しゃせい,3,仮,擬音の語 + 絶頂系の語
G12,あけなさい,擬音×命令,,0,one_from_each,ぱかあ|くぱあ|ぱかっ|くぱっ|ぱかん|くちゅっ|くぽっ|ぱか♡|くぱ♡・ぱく♡|くぽ♡;あけろ|あけな,3,仮,擬音の語 + あけろ/あけな(命令語)
G13,くぽっと,雀頭型,,0,head_is,head=くぽ,2,仮,雀頭がくぽ(擬音)
