initial_target,mult,mean_stage,p10,p50,p90,stage1_clear_pct
2000,1.3,13.82,13,14,15,100.0
4000,1.3,11.19,10,11,12,100.0
6000,1.3,9.65,9,10,11,100.0
8000,1.3,8.55,8,9,10,100.0
10000,1.3,7.69,7,8,9,100.0
12000,1.3,7.00,6,7,8,100.0
14000,1.3,6.43,5,6,7,100.0
16000,1.3,5.92,5,6,7,100.0
18000,1.3,5.48,4,6,6,100.0
20000,1.3,5.07,4,5,6,100.0
22000,1.3,4.71,4,5,6,100.0
24000,1.3,4.37,3,4,5,99.9
26000,1.3,4.09,3,4,5,99.9
28000,1.3,3.82,3,4,5,99.7
30000,1.3,3.58,3,4,5,99.5
32000,1.3,3.34,2,3,4,99.1
34000,1.3,3.12,2,3,4,98.4
36000,1.3,2.92,2,3,4,97.1
38000,1.3,2.75,2,3,4,95.4
40000,1.3,2.58,2,3,3,92.9
