name,han,group,pattern,raw_wins,raw_rate_pct,final_wins,final_rate_pct
ちら見せ,1,mod:見せ,はしご(修飾牌),20,1.168,12,0.701
見せたがり,2,mod:見せ,はしご(修飾牌),1,0.058,1,0.058
デカめ,1,mod:デカ,はしご(修飾牌),4,0.234,4,0.234
デカ盛り,2,mod:デカ,はしご(修飾牌),0,0.000,0,0.000
ちょいエロ,1,mod:エロ,はしご(修飾牌),112,6.538,102,5.954
エロ全開,2,mod:エロ,はしご(修飾牌),10,0.584,10,0.584
しっとり,1,mod:ぬれ,はしご(修飾牌),16,0.934,16,0.934
びしょ濡れ,2,mod:ぬれ,はしご(修飾牌),0,0.000,0,0.000
穴ふたつ,1,mod:穴,はしご(修飾牌),34,1.985,33,1.926
穴だらけ,2,mod:穴,はしご(修飾牌),0,0.000,0,0.000
上目づかい,1,mod:媚び,はしご(修飾牌),17,0.992,16,0.934
媚び媚び,2,mod:媚び,はしご(修飾牌),0,0.000,0,0.000
ハート多め,1,mod:♡,はしご(修飾牌),141,8.231,119,6.947
ハートまみれ,2,mod:♡,はしご(修飾牌),17,0.992,17,0.992
ぺろぺろ,1,mod:舐め,はしご(修飾牌),12,0.701,12,0.701
舐め尽くし,2,mod:舐め,はしご(修飾牌),0,0.000,0,0.000
しこしこ,1,mod:コキ,はしご(修飾牌),29,1.693,28,1.635
搾り取り,2,mod:コキ,はしご(修飾牌),1,0.058,1,0.058
ちん好き,1,stem:ちん,はしご(語幹),0,0.000,0,0.000
ちんに夢中,2,stem:ちん,はしご(語幹),0,0.000,0,0.000
目が釘づけ,3,stem:ちん,はしご(語幹),0,0.000,0,0.000
まん好き,1,stem:まん,はしご(語幹),0,0.000,0,0.000
まんに夢中,2,stem:まん,はしご(語幹),0,0.000,0,0.000
けつ好き,1,stem:けつ,はしご(語幹),2,0.117,2,0.117
けつに夢中,2,stem:けつ,はしご(語幹),0,0.000,0,0.000
ぱい好き,1,stem:ぱい,はしご(語幹),4,0.234,4,0.234
ぱいに夢中,2,stem:ぱい,はしご(語幹),0,0.000,0,0.000
くり好き,1,stem:くり,はしご(語幹),9,0.525,9,0.525
くりに夢中,2,stem:くり,はしご(語幹),0,0.000,0,0.000
ちつ好き,1,stem:ちつ,はしご(語幹),2,0.117,2,0.117
ちつに夢中,2,stem:ちつ,はしご(語幹),0,0.000,0,0.000
ちん系コンビ,1,part:男性器,はしご(部位),1,0.058,1,0.058
ちん系トリオ,2,part:男性器,はしご(部位),0,0.000,0,0.000
ちん系カルテット,3,part:男性器,はしご(部位),0,0.000,0,0.000
まん系コンビ,1,part:女性器,はしご(部位),96,5.604,86,5.020
まん系トリオ,2,part:女性器,はしご(部位),10,0.584,10,0.584
まん系カルテット,3,part:女性器,はしご(部位),0,0.000,0,0.000
ぱい系コンビ,1,part:胸,はしご(部位),20,1.168,20,1.168
ぱい系トリオ,2,part:胸,はしご(部位),0,0.000,0,0.000
ぱい系カルテット,3,part:胸,はしご(部位),0,0.000,0,0.000
けつ系コンビ,1,part:後ろ,はしご(部位),8,0.467,8,0.467
けつ系トリオ,2,part:後ろ,はしご(部位),0,0.000,0,0.000
けつ系カルテット,3,part:後ろ,はしご(部位),0,0.000,0,0.000
語尾そろい,2,,構造型,0,0.000,0,0.000
語頭づくし,3,,構造型,0,0.000,0,0.000
語尾づくし,2,,構造型,0,0.000,0,0.000
素の言葉,2,,構造型,36,2.102,36,2.102
修飾づくし,1,,構造型,228,13.310,228,13.310
全身くまなく,1,,構造型,0,0.000,0,0.000
中イキ,1,,構造型,4,0.234,4,0.234
キスの雨,1,,カテゴリ集め型,106,6.188,63,3.678
絶頂そろい,2,,カテゴリ集め型,74,4.320,73,4.262
まさかのキスアクメ,4,,カテゴリ集め型,49,2.860,48,2.802
淫語中毒,3,,ペア型,0,0.000,0,0.000
前も後ろも,3,,ペア型,0,0.000,0,0.000
見せ合い,3,,ペア型,0,0.000,0,0.000
らぶらぶ,3,,ペア型,0,0.000,0,0.000
シックスナイン,3,,ペア型,0,0.000,0,0.000
むちむち自慢,3,,ペア型,1,0.058,1,0.058
M気質,3,,ペア型,0,0.000,0,0.000
S気質,3,,ペア型,0,0.000,0,0.000
連続絶頂,3,zetcho_chain,ペア型,0,0.000,0,0.000
主従,2,,ペア型,1,0.058,1,0.058
子づくり,3,,行為→結末型,0,0.000,0,0.000
ご奉仕フィニッシュ,3,,行為→結末型,0,0.000,0,0.000
顔にぶっかけ,2,,行為→結末型,0,0.000,0,0.000
準備万端,2,,行為→結末型,4,0.234,4,0.234
攻め♀,2,,行為→結末型,0,0.000,0,0.000
M堕ち,1,,行為→結末型,6,0.350,6,0.350
見られてイく,1,,行為→結末型,10,0.584,7,0.409
濡れて絶頂,1,,行為→結末型,11,0.642,9,0.525
同時責め,2,,部位×行為型,0,0.000,0,0.000
胸責め,2,,部位×行為型,0,0.000,0,0.000
尻開発,2,,部位×行為型,3,0.175,3,0.175
デカぱい責め,2,,部位×行為型,1,0.058,1,0.058
調教,2,,部位×行為型,3,0.175,3,0.175
三点責め,2,,部位×行為型,0,0.000,0,0.000
ダブル奉仕,1,,部位×行為型,3,0.175,3,0.175
恋人のキス,1,love,物語型,246,14.361,159,9.282
らぶイキ,3,love,物語型,38,2.218,38,2.218
フルコース,3,,物語型,42,2.452,42,2.452
アクメ地獄,4,zetcho_chain,物語型,0,0.000,0,0.000
オホ声,1,oho,特殊牌型,382,22.300,193,11.267
オホ声・二,2,oho,特殊牌型,31,1.810,31,1.810
二組,3,,構造型,0,0.000,0,0.000
二色,3,,構造型,0,0.000,0,0.000
二刀流,2,,構造型,0,0.000,0,0.000
前後半々,1,,構造型,13,0.759,13,0.759
ばらばら,1,,構造型,23,1.343,23,1.343
多色,1,,構造型,13,0.759,13,0.759
♂♀,2,,ペア型,3,0.175,3,0.175
行為づくし,2,,カテゴリ集め型,2,0.117,2,0.117
喘ぎ二重唱,2,moanchorus,カテゴリ集め型,55,3.211,54,3.152
喘ぎ三重奏,4,moanchorus,カテゴリ集め型,1,0.058,1,0.058
喘ぎながら絶頂,2,,行為→結末型,131,7.647,131,7.647
キスしながら喘ぐ,2,kmz,物語型,179,10.450,155,9.048
キスから絶頂まで,4,kmz,物語型,24,1.401,24,1.401
可愛い声,1,,雀頭型,457,26.678,378,22.067
獣の声,1,,雀頭型,434,25.336,240,14.011
同じ部位の雀頭,1,,雀頭型,125,7.297,125,7.297
ちん一筋,2,headstem:ちん,雀頭型,0,0.000,0,0.000
ちんぞっこん,3,headstem:ちん,雀頭型,0,0.000,0,0.000
まん一筋,2,headstem:まん,雀頭型,1,0.058,1,0.058
まんぞっこん,3,headstem:まん,雀頭型,0,0.000,0,0.000
けつ一筋,2,headstem:けつ,雀頭型,9,0.525,9,0.525
けつぞっこん,3,headstem:けつ,雀頭型,0,0.000,0,0.000
ぱい一筋,2,headstem:ぱい,雀頭型,5,0.292,5,0.292
ぱいぞっこん,3,headstem:ぱい,雀頭型,0,0.000,0,0.000
くり一筋,2,headstem:くり,雀頭型,11,0.642,10,0.584
くりぞっこん,3,headstem:くり,雀頭型,1,0.058,1,0.058
ちつ一筋,2,headstem:ちつ,雀頭型,10,0.584,10,0.584
ちつぞっこん,3,headstem:ちつ,雀頭型,0,0.000,0,0.000
まぞ一筋,2,headstem:まぞ,雀頭型,1,0.058,1,0.058
まぞぞっこん,3,headstem:まぞ,雀頭型,0,0.000,0,0.000
さど一筋,2,headstem:さど,雀頭型,0,0.000,0,0.000
さどぞっこん,3,headstem:さど,雀頭型,0,0.000,0,0.000
めす一筋,2,headstem:めす,雀頭型,6,0.350,6,0.350
めすぞっこん,3,headstem:めす,雀頭型,0,0.000,0,0.000
おす一筋,2,headstem:おす,雀頭型,4,0.234,4,0.234
おすぞっこん,3,headstem:おす,雀頭型,0,0.000,0,0.000
べろ一筋,2,headstem:べろ,雀頭型,0,0.000,0,0.000
べろぞっこん,3,headstem:べろ,雀頭型,0,0.000,0,0.000
赤ちゃんプレイ,2,,単語きっかけ型,43,2.510,43,2.510
命令口調,2,cmdchorus,命令語型,31,1.810,31,1.810
命令口調・三,4,cmdchorus,命令語型,0,0.000,0,0.000
命令と服従,2,,命令語型,11,0.642,11,0.642
命令どおりに,1,,命令語型,130,7.589,130,7.589
命令違反,3,,命令語型,7,0.409,7,0.409
ラブ系,1,,ラブ・快感系,167,9.749,82,4.787
快感系,1,,ラブ・快感系,143,8.348,119,6.947
オナニー,1,,行為型,142,8.290,142,8.290
女王様,1,,命令語型,36,2.102,34,1.985
本番,1,,単語きっかけ型,27,1.576,25,1.459
ぞくぞく,2,zoku,反応型,27,1.576,26,1.518
ぞくぞくが止まらない,4,zoku,反応型,1,0.058,1,0.058
震えて絶頂,2,,反応型,30,1.751,30,1.751
じらして絶頂,2,,焦らし型,38,2.218,38,2.218
とろけ顔,1,,反応型,51,2.977,51,2.977
吸いつきご奉仕,1,,吸い音型,43,2.510,43,2.510
ちゅぱちゅぱ,2,,吸い音型,43,2.510,43,2.510
盛りのついた,2,,発情型,18,1.051,18,1.051
露出ぐせ,2,,露出型,8,0.467,8,0.467
堕ちてイく,3,,堕ち型,8,0.467,8,0.467
媚びまくり,3,,媚態型,10,0.584,10,0.584
どMの悦び,3,,SM型,4,0.234,4,0.234
つがいの営み,3,,番型,6,0.350,6,0.350
おくちまんこ,3,,行為→結末型,7,0.409,7,0.409
すじ好き,3,stem:すじ,はしご(語幹),4,0.234,4,0.234
ぶっかけ,1,bk,v1.3n追加,102,5.954,81,4.729
ぶっかけでイクっ,3,bk,v1.3n追加,21,1.226,21,1.226
ぱいにぶっかけ,3,,v1.3n追加,7,0.409,7,0.409
まんにぶっかけ,2,,v1.3n追加,6,0.350,6,0.350
けつにぶっかけ,3,,v1.3n追加,5,0.292,5,0.292
女王様のご命令,2,,v1.3n追加,6,0.350,6,0.350
女王様と下僕,3,,v1.3n追加,1,0.058,1,0.058
じっくり責め,1,,v1.3n追加,60,3.503,60,3.503
あな好き,3,stem:あな,v1.3n追加,1,0.058,1,0.058
ぱっくり,2,gion,擬音型,9,0.525,4,0.234
全開フルオープン,5,gion,擬音型,0,0.000,0,0.000
ぱかぱか,3,,擬音型,2,0.117,2,0.117
くぱくぱ,3,,擬音型,3,0.175,3,0.175
くぽくぽ,3,,擬音型,0,0.000,0,0.000
ご開帳,2,,擬音×部位,91,5.312,88,5.137
ぬれて開く,2,,擬音×状態,35,2.043,35,2.043
見せびらかし,2,,擬音×状況,45,2.627,45,2.627
開いてあげる♡,2,,擬音×気持ち,78,4.553,78,4.553
開いてご奉仕,2,,擬音×行為,70,4.086,70,4.086
開いてイく,3,,擬音×結末,67,3.911,64,3.736
あけなさい,3,,擬音×命令,6,0.350,6,0.350
くぽっと,2,,雀頭型,36,2.102,36,2.102
