name,source_yaku,han,level,eligible_wins,eligible_rate_pct,applied_wins,applied_rate_pct
初夜,本番|子づくり|準備万端,8,大合体,0,0.000,0,0.000
キスアクメ祭り,キスの雨|絶頂そろい|まさかのキスアクメ,9,大合体,0,0.000,0,0.000
相思相愛,見せ合い|らぶらぶ,7,中合体,0,0.000,0,0.000
SMクラブ,M気質|S気質,7,中合体,0,0.000,0,0.000
全身ショー,全身くまなく|語頭づくし,5,中合体,0,0.000,0,0.000
ぶっかけご奉仕,顔面フィニッシュ|ご奉仕フィニッシュ,6,中合体,0,0.000,0,0.000
飼いならし,命令と服従|調教,5,中合体,0,0.000,0,0.000
ねちっこい責め,同時責め|三点責め,5,中合体,0,0.000,0,0.000
見られて濡れてイく,見られてイく|濡れて絶頂,3,小合体,28,0.832,28,0.832
完全オホ声,獣の声|オホ声,3,小合体,380,11.286,380,11.286
手も口も,ぺろぺろ|しこしこ,3,小合体,14,0.416,13,0.386
見せつけラブ,ちら見せ|ハート多め,3,小合体,75,2.228,75,2.228
しっとりエロス,ちょいエロ|しっとり,3,小合体,16,0.475,16,0.475
おねだり,上目づかい|穴ふたつ,3,小合体,21,0.624,21,0.624
全身コース,全身くまなく|前後半々,3,小合体,0,0.000,0,0.000
奥まで届いた,奥まで全部|濡れて絶頂,3,小合体,0,0.000,0,0.000
羞恥調教,M堕ち|見られてイく,3,小合体,3,0.089,3,0.089
見せオナ,オナニー|見られてイく,3,小合体,6,0.178,5,0.149
ラブラブキス,キスの雨|ラブ系,3,小合体,6,0.178,6,0.178
女王様のお許し,本番|女王様,3,小合体,1,0.030,1,0.030
好きで感じる,ラブ系|快感系,3,小合体,12,0.356,10,0.297
純愛,可愛い声|ラブ系,3,小合体,60,1.782,15,0.446
理性崩壊,獣の声|快感系,3,小合体,75,2.228,48,1.426
甘々カップル,可愛い声|恋人のキス,3,小合体,64,1.901,20,0.594
初恋,可愛い声|ラブ系|恋人のキス,5,大合体,44,1.307,44,1.307
手も口も総動員,ぺろぺろ|しこしこ|ダブル奉仕,5,大合体,1,0.030,1,0.030
大開帳,ぱっくり|ご開帳,5,中合体,10,0.297,10,0.297
ぬれぬれ全開,ぱっくり|ぬれて開く,5,中合体,5,0.149,1,0.030
見せつけ全開,ぱっくり|見せびらかし,5,中合体,8,0.238,3,0.089
開きっぱなしでイく,ぱっくり|開いてイく,6,中合体,0,0.000,0,0.000
命令されて全開,ぱっくり|あけなさい,6,中合体,2,0.059,0,0.000
従順な開帳,あけなさい|命令と服従,6,中合体,1,0.030,1,0.030
見せて果てる,開いてイく|見られてイく,5,中合体,15,0.446,12,0.356
くぽ尽くし,くぽっと|くぽくぽ,6,中合体,0,0.000,0,0.000
満開アクメ,ぱっくり|ご開帳|開いてイく,9,大合体,0,0.000,0,0.000
ぬれ見せ全開,ぱっくり|ぬれて開く|見せびらかし,8,大合体,2,0.059,2,0.059
