tile,copies,used_in_words,words_using_tile(修飾3型を含む),wins_with_such_word,rate_pct
♡,15,20,61,2135,63.41
エロ,12,15,42,1807,53.67
あ,10,20,15,1056,31.36
い,10,19,17,1102,32.73
お,10,21,16,1304,38.73
く,10,38,34,1484,44.07
す,10,22,20,1156,34.33
ち,10,32,30,1342,39.86
っ,10,27,24,1700,50.49
つ,10,20,18,1120,33.26
ま,10,28,25,1050,31.19
め,10,22,20,1176,34.93
ん,10,38,30,1261,37.45
コキ,10,12,39,1369,40.66
な,9,18,18,1272,37.78
ぱ,9,17,16,907,26.94
媚び,9,10,38,1407,41.79
見せ,9,11,36,1471,43.69
け,8,15,14,1049,31.16
穴,8,10,36,1362,40.45
舐め,8,10,34,1194,35.46
ぬれ,7,8,35,1136,33.74
り,7,14,13,538,15.98
き,6,11,10,652,19.36
じ,6,11,11,611,18.15
ろ,5,10,9,353,10.48
デカ,5,6,20,712,21.15
う,4,8,5,107,3.18
ぉ゛,4,0,0,0,0.00
か,4,7,7,259,7.69
こ,4,7,7,338,10.04
さ,4,8,7,112,3.33
ぽ,4,8,7,298,8.85
る,4,7,7,223,6.62
しゃ,3,6,6,192,5.70
せ,3,5,5,130,3.86
ぞ,3,5,4,101,3.00
ちゅ,3,6,6,151,4.48
ど,3,6,5,101,3.00
び,3,5,5,114,3.39
べ,3,6,5,77,2.29
が,2,3,3,71,2.11
