kind,word,type,tiles,wins,rate_pct
語,ちんぽ,単独,ち|ん|ぽ,50,1.485
語,ちんこ,単独,ち|ん|こ,56,1.663
語,まんこ,単独,ま|ん|こ,42,1.247
語,おめこ,単独,お|め|こ,110,3.267
語,おまめ,単独,お|ま|め,142,4.217
語,ちくび,単独,ち|く|び,35,1.040
語,あなる,単独,あ|な|る,60,1.782
語,こうび,単独,こ|う|び,10,0.297
語,がんしゃ,単独,が|ん|しゃ,13,0.386
語,いかせ,単独,い|か|せ,37,1.099
語,いじり,単独,い|じ|り,80,2.376
語,しゃせい,単独,しゃ|せ|い,17,0.505
語,あくめ,単独,あ|く|め,137,4.069
語,いくっ,単独,い|く|っ,155,4.604
語,ちゅっちゅ,単独,ちゅ|っ|ちゅ,9,0.267
語,べろちゅ,単独,べ|ろ|ちゅ,8,0.238
語,きっす,単独,き|っ|す,114,3.386
語,あんっ,単独,あ|ん|っ,185,5.495
語,ああっ,単独,あ|あ|っ,121,3.594
語,おおっ,単独,お|お|っ,159,4.722
語,んおっ,単独,ん|お|っ,85,2.525
語,んんっ,単独,ん|ん|っ,48,1.426
語,うおお,単独,う|お|お,33,0.980
語,あうう,単独,あ|う|う,19,0.564
語,うんん,単独,う|ん|ん,17,0.505
語,なめろ,単独,な|め|ろ,83,2.465
語,せめろ,単独,せ|め|ろ,22,0.653
語,あけろ,単独,あ|け|ろ,84,2.495
語,おちろ,単独,お|ち|ろ,86,2.554
語,なめな,単独,な|め|な,80,2.376
語,せめな,単独,せ|め|な,37,1.099
語,あけな,単独,あ|け|な,104,3.089
語,いきな,単独,い|き|な,95,2.822
語,いけっ,単独,い|け|っ,192,5.702
語,なけっ,単独,な|け|っ,131,3.891
語,さけべ,単独,さ|け|べ,25,0.743
語,いくな,単独,い|く|な,85,2.525
語,おなめ,単独,お|な|め,100,2.970
語,まんしゃ,単独,ま|ん|しゃ,33,0.980
語,けつしゃ,単独,け|つ|しゃ,65,1.931
語,ぱいしゃ,単独,ぱ|い|しゃ,47,1.396
語,ぱかあ,単独,ぱ|か|あ,48,1.426
語,くぱあ,単独,く|ぱ|あ,59,1.752
語,ぱかっ,単独,ぱ|か|っ,73,2.168
語,くぱっ,単独,く|ぱ|っ,130,3.861
語,ぱかん,単独,ぱ|か|ん,32,0.950
語,くちゅっ,単独,く|ちゅ|っ,40,1.188
語,くぽっ,単独,く|ぽ|っ,73,2.168
語,ままあ,単独,ま|ま|あ,82,2.435
語,きつく・きっく,単独,き|つ|く,53,1.574
語,きくう,単独,き|く|う,28,0.832
語,すき♡・きす♡,♡型,す|き|♡,79,2.346
語,穴すき・きす穴,穴型,穴|す|き,77,2.287
語,エロすき・エロきす,エロ型,エロ|す|き,89,2.643
語,ぬれすき・ぬれきす,ぬれ型,ぬれ|す|き,24,0.713
語,きく♡,♡型,き|く|♡,69,2.049
語,穴きく,穴型,穴|き|く,46,1.366
語,媚びおな,媚び型,媚び|お|な,174,5.168
語,見せちん,見せ型,見せ|ち|ん,129,3.831
語,見せまん,見せ型,見せ|ま|ん,113,3.356
語,見せけつ,見せ型,見せ|け|つ,148,4.396
語,見せぱい,見せ型,見せ|ぱ|い,108,3.208
語,見せくり,見せ型,見せ|く|り,57,1.693
語,見せちつ,見せ型,見せ|ち|つ,151,4.485
語,見せべろ,見せ型,見せ|べ|ろ,15,0.446
語,見せまめ,見せ型,見せ|ま|め,46,1.366
語,見せあな,見せ型,見せ|あ|な,60,1.782
語,見せちく,見せ型,見せ|ち|く,53,1.574
語,デカちん,デカ型,デカ|ち|ん,51,1.515
語,デカけつ,デカ型,デカ|け|つ,81,2.406
語,デカぱい,デカ型,デカ|ぱ|い,62,1.841
語,デカくり,デカ型,デカ|く|り,32,0.950
語,デカまめ,デカ型,デカ|ま|め,52,1.544
語,デカちく,デカ型,デカ|ち|く,36,1.069
語,エロちん,エロ型,エロ|ち|ん,62,1.841
語,エロまん,エロ型,エロ|ま|ん,75,2.228
語,エロけつ,エロ型,エロ|け|つ,79,2.346
語,エロぱい,エロ型,エロ|ぱ|い,86,2.554
語,エロくり,エロ型,エロ|く|り,50,1.485
語,エロちつ,エロ型,エロ|ち|つ,112,3.326
語,エロめす,エロ型,エロ|め|す,99,2.940
語,エロおす,エロ型,エロ|お|す,92,2.732
語,エロべろ,エロ型,エロ|べ|ろ,17,0.505
語,エロまめ,エロ型,エロ|ま|め,54,1.604
語,エロあな,エロ型,エロ|あ|な,46,1.366
語,エロちく・エロくち,エロ型,エロ|ち|く,61,1.812
語,エロおな,エロ型,エロ|お|な,96,2.851
語,ぬれまん,ぬれ型,ぬれ|ま|ん,36,1.069
語,ぬれちつ,ぬれ型,ぬれ|ち|つ,81,2.406
語,ぬれくり,ぬれ型,ぬれ|く|り,25,0.743
語,ぬれぱい,ぬれ型,ぬれ|ぱ|い,31,0.921
語,ぬれまめ,ぬれ型,ぬれ|ま|め,41,1.218
語,ぬれおな,ぬれ型,ぬれ|お|な,60,1.782
語,ちん穴,穴型,ち|ん|穴,29,0.861
語,まん穴,穴型,ま|ん|穴,33,0.980
語,けつ穴,穴型,け|つ|穴,55,1.634
語,まぞ穴,穴型,ま|ぞ|穴,41,1.218
語,さど穴,穴型,さ|ど|穴,11,0.327
語,めす穴,穴型,め|す|穴,75,2.228
語,おす穴,穴型,お|す|穴,63,1.871
語,くち穴,穴型,く|ち|穴,13,0.386
語,ちん媚び,媚び型,ち|ん|媚び,30,0.891
語,まん媚び,媚び型,ま|ん|媚び,19,0.564
語,まぞ媚び,媚び型,ま|ぞ|媚び,22,0.653
語,さど媚び,媚び型,さ|ど|媚び,18,0.535
語,めす媚び,媚び型,め|す|媚び,63,1.871
語,おす媚び,媚び型,お|す|媚び,59,1.752
語,けつ媚び,媚び型,け|つ|媚び,35,1.040
語,ちつ媚び,媚び型,ち|つ|媚び,52,1.544
語,ちく媚び,媚び型,ち|く|媚び,30,0.891
語,ちん♡,♡型,ち|ん|♡,29,0.861
語,まん♡,♡型,ま|ん|♡,26,0.772
語,けつ♡,♡型,け|つ|♡,49,1.455
語,ぱい♡,♡型,ぱ|い|♡,50,1.485
語,くり♡,♡型,く|り|♡,34,1.010
語,ちつ♡,♡型,ち|つ|♡,75,2.228
語,めす♡,♡型,め|す|♡,52,1.544
語,おす♡,♡型,お|す|♡,59,1.752
語,べろ♡,♡型,べ|ろ|♡,12,0.356
語,まま♡,♡型,ま|ま|♡,95,2.822
語,まめ♡,♡型,ま|め|♡,37,1.099
語,あな♡,♡型,あ|な|♡,50,1.485
語,くち♡,♡型,く|ち|♡,24,0.713
語,おな♡,♡型,お|な|♡,78,2.317
語,ぱか♡,♡型,ぱ|か|♡,40,1.188
語,くぱ♡・ぱく♡,♡型,く|ぱ|♡,86,2.554
語,くぽ♡,♡型,く|ぽ|♡,41,1.218
語,ちん舐め,舐め型,ち|ん|舐め,18,0.535
語,まん舐め,舐め型,ま|ん|舐め,24,0.713
語,けつ舐め,舐め型,け|つ|舐め,38,1.129
語,ぱい舐め,舐め型,ぱ|い|舐め,33,0.980
語,くり舐め,舐め型,く|り|舐め,22,0.653
語,ちつ舐め,舐め型,ち|つ|舐め,61,1.812
語,まめ舐め,舐め型,ま|め|舐め,29,0.861
語,あな舐め,舐め型,あ|な|舐め,43,1.277
語,ちく舐め,舐め型,ち|く|舐め,25,0.743
語,ちんコキ,コキ型,ち|ん|コキ,11,0.327
語,まんコキ,コキ型,ま|ん|コキ,16,0.475
語,けつコキ,コキ型,け|つ|コキ,34,1.010
語,ぱいコキ,コキ型,ぱ|い|コキ,35,1.040
語,くりコキ,コキ型,く|り|コキ,26,0.772
語,ちつコキ,コキ型,ち|つ|コキ,56,1.663
語,まぞコキ,コキ型,ま|ぞ|コキ,20,0.594
語,さどコキ,コキ型,さ|ど|コキ,10,0.297
語,まめコキ,コキ型,ま|め|コキ,27,0.802
語,ちくコキ・くちコキ,コキ型,ち|く|コキ,22,0.653
語,コキあな,コキ型,コキ|あ|な,39,1.158
語,ちゅぱっ,単独,ちゅ|ぱ|っ,51,1.515
語,ちゅぽっ,単独,ちゅ|ぽ|っ,18,0.535
語,ちゅるっ,単独,ちゅ|る|っ,25,0.743
語,びくん,単独,び|く|ん,26,0.772
語,びくっ,単独,び|く|っ,34,1.010
語,じんっ,単独,じ|ん|っ,89,2.643
語,じくっ,単独,じ|く|っ,60,1.782
語,どくっ,単独,ど|く|っ,44,1.307
語,こりっ,単独,こ|り|っ,64,1.901
語,こすり,単独,こ|す|り,53,1.574
語,いじる,単独,い|じ|る,41,1.218
語,せめる,単独,せ|め|る,17,0.505
語,さかり,単独,さ|か|り,18,0.535
語,さかる,単独,さ|か|る,11,0.327
語,がまん,単独,が|ま|ん,18,0.535
語,じりっ,単独,じ|り|っ,71,2.109
語,こびる,単独,こ|び|る,9,0.267
語,おちる,単独,お|ち|る,61,1.812
語,どまぞ,単独,ど|ま|ぞ,18,0.535
語,ぽっち,単独,ぽ|っ|ち,64,1.901
語,ぽろり,単独,ぽ|ろ|り,32,0.950
語,さんぽ,単独,さ|ん|ぽ,23,0.683
語,くちしゃ,単独,く|ち|しゃ,20,0.594
語,つがい,単独,つ|が|い,40,1.188
語,エロすじ,エロ型,エロ|す|じ,68,2.020
語,見せすじ,見せ型,見せ|す|じ,45,1.337
語,ぬれすじ,ぬれ型,ぬれ|す|じ,41,1.218
語,すじ♡,♡型,す|じ|♡,56,1.663
語,すじ舐め,舐め型,す|じ|舐め,32,0.950
語,すじコキ,コキ型,す|じ|コキ,47,1.396
語,デカ見せ♡,修飾3型,見せ|デカ|♡,92,2.732
語,エロ見せ穴,修飾3型,見せ|エロ|穴,93,2.762
語,エロ見せ♡,修飾3型,見せ|エロ|♡,83,2.465
語,見せぬれ穴,修飾3型,見せ|ぬれ|穴,49,1.455
語,見せぬれ♡,修飾3型,見せ|ぬれ|♡,49,1.455
語,媚び穴見せ,修飾3型,見せ|穴|媚び,40,1.188
語,見せ穴♡,修飾3型,見せ|穴|♡,40,1.188
語,コキ穴見せ,修飾3型,見せ|穴|コキ,32,0.950
語,媚び見せ♡,修飾3型,見せ|媚び|♡,29,0.861
語,舐め見せ♡,修飾3型,見せ|♡|舐め,50,1.485
語,コキ見せ♡,修飾3型,見せ|♡|コキ,63,1.871
語,エロデカ♡,修飾3型,デカ|エロ|♡,99,2.940
語,デカぬれ♡,修飾3型,デカ|ぬれ|♡,57,1.693
語,デカ媚び♡,修飾3型,デカ|媚び|♡,38,1.129
語,エロぬれ穴,修飾3型,エロ|ぬれ|穴,59,1.752
語,エロぬれ媚び,修飾3型,エロ|ぬれ|媚び,116,3.445
語,ぬれエロ♡,修飾3型,エロ|ぬれ|♡,76,2.257
語,エロ媚び穴,修飾3型,エロ|穴|媚び,61,1.812
語,エロ穴♡,修飾3型,エロ|穴|♡,67,1.990
語,エロコキ穴,修飾3型,エロ|穴|コキ,48,1.426
語,エロ媚び♡,修飾3型,エロ|媚び|♡,65,1.931
語,エロ舐め♡,修飾3型,エロ|♡|舐め,72,2.138
語,エロコキ♡,修飾3型,エロ|♡|コキ,84,2.495
語,ぬれ媚び穴,修飾3型,ぬれ|穴|媚び,62,1.841
語,ぬれ穴♡,修飾3型,ぬれ|穴|♡,49,1.455
語,ぬれ舐め穴,修飾3型,ぬれ|穴|舐め,45,1.337
語,ぬれコキ穴,修飾3型,ぬれ|穴|コキ,39,1.158
語,ぬれ媚び♡,修飾3型,ぬれ|媚び|♡,61,1.812
語,ぬれ舐め♡,修飾3型,ぬれ|♡|舐め,69,2.049
語,ぬれコキ♡,修飾3型,ぬれ|♡|コキ,67,1.990
語,穴媚び♡,修飾3型,穴|媚び|♡,75,2.228
語,媚び舐め穴,修飾3型,穴|媚び|舐め,56,1.663
語,媚びコキ穴,修飾3型,穴|媚び|コキ,61,1.812
語,穴舐め♡,修飾3型,穴|♡|舐め,84,2.495
語,穴コキ♡,修飾3型,穴|♡|コキ,90,2.673
語,コキ舐め穴,修飾3型,穴|舐め|コキ,58,1.723
語,舐め媚び♡,修飾3型,媚び|♡|舐め,95,2.822
語,媚びコキ♡,修飾3型,媚び|♡|コキ,112,3.326
語,媚び舐めコキ,修飾3型,媚び|舐め|コキ,110,3.267
語,コキ舐め♡,修飾3型,♡|舐め|コキ,152,4.514
語,見せ見せエロ,修飾3型,見せ|見せ|エロ,14,0.416
語,見せ見せぬれ,修飾3型,見せ|見せ|ぬれ,16,0.475
語,見せ見せ穴,修飾3型,見せ|見せ|穴,10,0.297
語,見せ見せ媚び,修飾3型,見せ|見せ|媚び,15,0.446
語,見せ見せ♡,修飾3型,見せ|見せ|♡,7,0.208
語,見せ見せ舐め,修飾3型,見せ|見せ|舐め,18,0.535
語,見せ見せコキ,修飾3型,見せ|見せ|コキ,29,0.861
語,デカデカ見せ,修飾3型,デカ|デカ|見せ,14,0.416
語,デカデカエロ,修飾3型,デカ|デカ|エロ,5,0.149
語,デカデカぬれ,修飾3型,デカ|デカ|ぬれ,7,0.208
語,デカデカ媚び,修飾3型,デカ|デカ|媚び,8,0.238
語,デカデカ♡,修飾3型,デカ|デカ|♡,12,0.356
語,デカデカコキ,修飾3型,デカ|デカ|コキ,14,0.416
語,エロエロ見せ,修飾3型,エロ|エロ|見せ,20,0.594
語,エロエロデカ,修飾3型,エロ|エロ|デカ,23,0.683
語,エロエロぬれ,修飾3型,エロ|エロ|ぬれ,13,0.386
語,エロエロ穴,修飾3型,エロ|エロ|穴,8,0.238
語,エロエロ媚び,修飾3型,エロ|エロ|媚び,17,0.505
語,エロエロ♡,修飾3型,エロ|エロ|♡,7,0.208
語,エロエロ舐め,修飾3型,エロ|エロ|舐め,32,0.950
語,エロエロコキ,修飾3型,エロ|エロ|コキ,41,1.218
語,ぬれぬれ見せ,修飾3型,ぬれ|ぬれ|見せ,8,0.238
語,ぬれぬれエロ,修飾3型,ぬれ|ぬれ|エロ,14,0.416
語,ぬれぬれ穴,修飾3型,ぬれ|ぬれ|穴,0,0.000
語,ぬれぬれ媚び,修飾3型,ぬれ|ぬれ|媚び,6,0.178
語,ぬれぬれ♡,修飾3型,ぬれ|ぬれ|♡,5,0.149
語,ぬれぬれ舐め,修飾3型,ぬれ|ぬれ|舐め,11,0.327
語,ぬれぬれコキ,修飾3型,ぬれ|ぬれ|コキ,20,0.594
語,見せ媚び媚び,修飾3型,媚び|媚び|見せ,9,0.267
語,エロ媚び媚び,修飾3型,媚び|媚び|エロ,21,0.624
語,ぬれ媚び媚び,修飾3型,媚び|媚び|ぬれ,6,0.178
語,媚び媚び穴,修飾3型,媚び|媚び|穴,9,0.267
語,媚び媚び♡,修飾3型,媚び|媚び|♡,6,0.178
語,媚び媚び舐め,修飾3型,媚び|媚び|舐め,24,0.713
語,媚び媚びコキ,修飾3型,媚び|媚び|コキ,21,0.624
語,見せ♡♡,修飾3型,♡|♡|見せ,5,0.149
語,デカ♡♡,修飾3型,♡|♡|デカ,11,0.327
語,エロ♡♡,修飾3型,♡|♡|エロ,13,0.386
語,ぬれ♡♡,修飾3型,♡|♡|ぬれ,3,0.089
語,穴♡♡,修飾3型,♡|♡|穴,8,0.238
語,媚び♡♡,修飾3型,♡|♡|媚び,12,0.356
語,舐め♡♡,修飾3型,♡|♡|舐め,11,0.327
語,コキ♡♡,修飾3型,♡|♡|コキ,20,0.594
語,舐め舐め見せ,修飾3型,舐め|舐め|見せ,14,0.416
語,デカ舐め舐め,修飾3型,舐め|舐め|デカ,24,0.713
語,エロ舐め舐め,修飾3型,舐め|舐め|エロ,14,0.416
語,ぬれ舐め舐め,修飾3型,舐め|舐め|ぬれ,17,0.505
語,舐め舐め穴,修飾3型,舐め|舐め|穴,13,0.386
語,舐め舐め媚び,修飾3型,舐め|舐め|媚び,11,0.327
語,舐め舐め♡,修飾3型,舐め|舐め|♡,8,0.238
語,舐め舐めコキ,修飾3型,舐め|舐め|コキ,21,0.624
語,見せコキコキ,修飾3型,コキ|コキ|見せ,11,0.327
語,デカコキコキ,修飾3型,コキ|コキ|デカ,26,0.772
語,エロコキコキ,修飾3型,コキ|コキ|エロ,10,0.297
語,ぬれコキコキ,修飾3型,コキ|コキ|ぬれ,31,0.921
語,コキコキ穴,修飾3型,コキ|コキ|穴,10,0.297
語,コキコキ媚び,修飾3型,コキ|コキ|媚び,30,0.891
語,コキコキ♡,修飾3型,コキ|コキ|♡,12,0.356
語,コキコキ舐め,修飾3型,コキ|コキ|舐め,36,1.069
語,♡♡♡,修飾3型,♡|♡|♡,6,0.178
雀頭,あん,喘ぎ声,あ|ん,116,3.445
雀頭,あっ,喘ぎ声,あ|っ,281,8.346
雀頭,んっ,喘ぎ声,ん|っ,265,7.871
雀頭,んあ,喘ぎ声,ん|あ,0,0.000
雀頭,ああ,喘ぎ声,あ|あ,78,2.317
雀頭,おっ,喘ぎ声,お|っ,378,11.227
雀頭,んお,喘ぎ声,ん|お,190,5.643
雀頭,おお,喘ぎ声,お|お,195,5.792
雀頭,んん,喘ぎ声,ん|ん,46,1.366
雀頭,うお,喘ぎ声,う|お,134,3.980
雀頭,あう,喘ぎ声,あ|う,101,3.000
雀頭,うん,喘ぎ声,う|ん,70,2.079
雀頭,いく,快感,い|く,85,2.525
雀頭,きく,快感,き|く,49,1.455
雀頭,くぽ,擬音,く|ぽ,33,0.980
雀頭,ちん,略称,ち|ん,72,2.138
雀頭,まん,略称,ま|ん,56,1.663
雀頭,けつ,略称,け|つ,150,4.455
雀頭,ぱい,略称,ぱ|い,106,3.148
雀頭,くり,略称,く|り,64,1.901
雀頭,ちつ,略称,ち|つ,260,7.722
雀頭,まぞ,略称,ま|ぞ,40,1.188
雀頭,さど,略称,さ|ど,27,0.802
雀頭,めす,略称,め|す,162,4.811
雀頭,おす,略称,お|す,226,6.712
雀頭,べろ,略称,べ|ろ,33,0.980
雀頭,まめ,略称,ま|め,150,4.455
