stage,target,reach,cleared,pass_rate,mean_draws
1,2000.0,20000,18113,0.90565,110.1299
2,2600.0,18113,13498,0.7452106222050461,120.1244410092199
3,3380.0000000000005,13498,8223,0.6092013631649134,119.21188324196177
4,4394.0,8223,3761,0.45737565365438404,120.85929709351818
5,5712.200000000001,3761,1325,0.3522999202339803,119.16644509438979
6,7425.860000000001,1325,402,0.30339622641509434,114.05358490566037
7,9653.618000000002,402,103,0.2562189054726368,111.39303482587064
8,12549.703400000004,103,12,0.11650485436893204,120.3495145631068
9,16314.614420000005,12,0,0.0,143.0
