id,word,type,hits,share_of_wins,per_game,ratio_vs_mean
W001,ちんぽ,単独,223,0.11166750125187781,0.0223,1.7587631447170757
W002,ちんこ,単独,191,0.09564346519779669,0.0191,1.506384576865298
W003,まんこ,単独,151,0.0756134201301953,0.0151,1.190911367050576
W004,おめこ,単独,64,0.03204807210816224,0.0064,0.5047571357035553
W005,ちくび,単独,215,0.10766149223835754,0.0215,1.6956685027541314
W006,あなる,単独,52,0.026039058587881823,0.0052,0.4101151727591387
W007,こうび,単独,60,0.030045067601402103,0.006,0.4732098147220832
W008,がんしゃ,単独,122,0.061091637456184275,0.0122,0.9621932899349024
W009,いかせ,単独,120,0.06009013520280421,0.012,0.9464196294441664
W010,いじり,単独,177,0.0886329494241362,0.0177,1.3959689534301452
W011,しゃせい,単独,106,0.053079619429143715,0.0106,0.8360040060090136
W012,あくめ,単独,104,0.05207811717576365,0.0104,0.8202303455182774
W013,いくっ,単独,193,0.09664496745117676,0.0193,1.522158237356034
W014,ちゅっちゅ,単独,22,0.011016524787180772,0.0022,0.17351026539809716
W015,べろちゅ,単独,54,0.02704056084126189,0.0054,0.4258888332498748
W016,きっす,単独,61,0.030545818728092138,0.0061,0.4810966449674512
W017,見せちん,見せ型,398,0.19929894842263396,0.0398,3.138958437656485
W018,見せまん,見せ型,224,0.11216825237856785,0.0224,1.7666499749624438
W019,見せけつ,見せ型,109,0.05458187280921382,0.0109,0.8596644967451177
W020,見せぱい,見せ型,79,0.039559339008512766,0.0079,0.6230595893840761
W021,見せくり,見せ型,43,0.021532298447671506,0.0043,0.33913370055082626
W022,見せちつ,見せ型,66,0.033049574361542315,0.0066,0.5205307961942915
W023,デカちん,デカ型,193,0.09664496745117676,0.0193,1.522158237356034
W024,デカけつ,デカ型,120,0.06009013520280421,0.012,0.9464196294441664
W025,デカぱい,デカ型,83,0.04156234351527291,0.0083,0.6546069103655484
W026,デカくり,デカ型,68,0.03405107661492238,0.0068,0.5363044566850276
W027,エロちん,エロ型,233,0.11667501251877817,0.0233,1.8376314471707562
W028,エロまん,エロ型,200,0.100150225338007,0.02,1.5773660490736106
W029,エロけつ,エロ型,109,0.05458187280921382,0.0109,0.8596644967451177
W030,エロぱい,エロ型,101,0.05057586379569354,0.0101,0.7965698547821732
W031,エロくり,エロ型,99,0.04957436154231347,0.0099,0.7807961942914372
W032,エロちつ,エロ型,142,0.07110665998998497,0.0142,1.1199298948422634
W033,ぬれまん,ぬれ型,140,0.0701051577366049,0.014,1.1041562343515272
W034,ぬれちつ,ぬれ型,224,0.11216825237856785,0.0224,1.7666499749624438
W035,ぬれくり,ぬれ型,83,0.04156234351527291,0.0083,0.6546069103655484
W036,ぬれぱい,ぬれ型,51,0.02553830746119179,0.0051,0.4022283425137707
W037,ちん穴,穴型,175,0.08763144717075613,0.0175,1.3801952929394092
W038,まん穴,穴型,192,0.09614421632448673,0.0192,1.5142714071106662
W039,けつ穴,穴型,141,0.07060590886329494,0.0141,1.1120430645968955
W040,まぞ穴,穴型,68,0.03405107661492238,0.0068,0.5363044566850276
W041,さど穴,穴型,35,0.017526289434151226,0.0035,0.2760390585878818
W042,ちん媚,媚型,138,0.06910365548322484,0.0138,1.0883825738607913
W043,まん媚,媚型,162,0.08112168252378568,0.0162,1.2776664997496245
W044,まぞ媚,媚型,83,0.04156234351527291,0.0083,0.6546069103655484
W045,さど媚,媚型,36,0.018027040560841263,0.0036,0.28392588883324993
W046,ちん♡,♡型,126,0.06309464196294441,0.0126,0.9937406109163746
W047,まん♡,♡型,147,0.07361041562343515,0.0147,1.1593640460691037
W048,けつ♡,♡型,124,0.06209313970956434,0.0124,0.9779669504256384
W049,ぱい♡,♡型,123,0.06159238858287431,0.0123,0.9700801201802705
W050,くり♡,♡型,96,0.04807210816224337,0.0096,0.7571357035553331
W051,ちつ♡,♡型,174,0.0871306960440661,0.0174,1.3723084626940412
W052,ちん舐,舐型,124,0.06209313970956434,0.0124,0.9779669504256384
W053,まん舐,舐型,117,0.058587881822734104,0.0117,0.9227591387080621
W054,けつ舐,舐型,101,0.05057586379569354,0.0101,0.7965698547821732
W055,ぱい舐,舐型,110,0.05508262393590386,0.011,0.8675513269904859
W056,くり舐,舐型,125,0.06259389083625438,0.0125,0.9858537806710066
W057,ちつ舐,舐型,204,0.10215322984476716,0.0204,1.6089133700550828
W058,ちんコキ,コキ型,78,0.03905858788182273,0.0078,0.6151727591387081
W059,まんコキ,コキ型,70,0.03505257886830245,0.007,0.5520781171757636
W060,けつコキ,コキ型,95,0.04757135703555333,0.0095,0.749248873309965
W061,ぱいコキ,コキ型,99,0.04957436154231347,0.0099,0.7807961942914372
W062,くりコキ,コキ型,148,0.07411116675012519,0.0148,1.1672508763144718
W063,ちつコキ,コキ型,217,0.10866299449173761,0.0217,1.7114421632448673
