no,word,slot,sub,1周目の研究メモ,取り消し線の部分,訂正後(赤字)
1,ちんぽ,部位,男性器,彼らの言葉。「ち」は血脈、「ぽ」は灯火の擬音と推定。生命の灯を意味する聖語であろう。(私の仮説は完璧だ),生命の灯を意味する聖語,灯火じゃなかった。もう、この語は声に出して読まない。
2,まんこ,部位,女性器,彼らの言葉で満ちる意の語。満月・満腹と同根と見る。「こ」は小さきもの。満ち足りた小さな器、豊かさの象徴であろう。,豊かさの象徴,満月とは何の関係もなかった。調査ノートを燃やしたい。
3,ちくび,部位,胸,「ち」は小さい、「くび」は首。小さな首、すなわち岬の呼び名であろう。地図に記す。,岬の呼び名,地図に載る場所じゃなかった。載せてはいけない場所だった。
4,あなる,部位,後ろ,「あな」は穴、「る」は動詞化の語尾。洞窟に分け入る意と推定。調査旅行の語であろう。次の遠征先に記す。,洞窟に分け入る意,洞窟じゃない。分け入るのは、……聞かないで。遠征先に記した自分を消したい。
5,おめこ,部位,女性器,「お目こ」。目の敬称で、神の視線を示す語と推定。碑文の守護の目であろう。,神の視線,目じゃない。守護でもない。見守っていたつもりの私が恥ずかしい。
6,おまめ,部位,女性器,「お豆」。豆類の敬称。彼らの主食であり、碑文に最も多く現れる語の一つと見る。,豆類の敬称,豆じゃない。主食でもない。一番多く出てくるのは、そのせいだった。
7,ぽっち,部位,胸,「ぽ」は灯火、「っち」は小さきもの。小さな灯台の意であろう。彼らの海辺の街を探す手がかりになる。,小さな灯台,灯台じゃない。灯りもともらない。小さいのだけは、合っていた。
8,おしり,部位,後ろ,「お後」。順番の後ろ、すなわち最後尾の敬称。礼儀正しい語だ。,最後尾の敬称,そのままだった。お尻だった。深読みしたのが、一番恥ずかしい。
9,おけつ,部位,後ろ,「お結」。結び目の敬称。縁結びの儀礼に用いる語であろう。美しい風習だ。,縁結びの儀礼,縁結びじゃない。結ぶのは縁じゃなかった。お尻だった、また。
10,デカちん,部位,男性器,「デカ」は大、「ちん」は鐘の音。大鐘の意。祭礼の開始を告げる合図であろう。,祭礼の大鐘,鐘じゃない。大きいのは合っている。それが一番、困る。
11,デカぱい,部位,胸,「ぱい」は波。大波、すなわち津波を指す語と推定。沿岸の警告碑であろう。注意喚起の語だ。,津波の警告,津波じゃない。揺れていたのは波じゃなかった。警告にもなっていない。
12,デカけつ,部位,後ろ,「けつ」は決。大きな決断、王の裁定を表す語であろう。格調が高い。,王の裁定,裁定じゃない。大きいのは、決断じゃなくてお尻の方。
13,エロまん,部位,女性器,「エロ」は朗らか、「まん」は満月。朗らかな満月、豊穣の夜を祝う語と見る。,豊穣の夜の語,朗らかじゃない。月でもない。もう、満月を素直に見られない。
14,ぬれまん,部位,女性器,濡れ満。雨上がりの満月と解釈。詩的な季語であろう。,雨上がりの季語,雨は降っていない。満月でもない。詩的に読んだ自分を許せない。
15,ぬれくり,部位,女性器,「濡れ栗」。雨の日の栗。秋の季語であろう。実りの季節の風情を表す。,秋の季語,栗じゃない。季語でもない。栗を見るたびに、思い出す羽目になる。
16,ちん♡,部位,男性器,鐘の護符。「♡」は魔除けの印と見る。鐘楼の守り札に彫られた語であろう。,鐘楼の守り札,護符じゃない。魔除けでもない。印が一番、軽い意味だった。
17,まん♡,部位,女性器,満月の護符。夜道の無事を願う印。「♡」は月の欠けぬ祈りであろう。,夜道の護符,護符じゃない。祈りでもない。印は、祈りよりずっと軽かった。
18,ぱい♡,部位,胸,波除けの護符。航海の安全を祈る印と推定。船乗りが身に着けたのであろう。,航海の護符,護符じゃない。船乗りもいない。揺れ除けにもならなかった。
19,ぬれけつ,部位,後ろ,「濡れ結」。雨の日の縁結び。「けつ」は結びの意で、おけつと同根であろう。,雨の日の縁結び,縁じゃない。雨でもない。同根というところだけ、当たっていた。
20,エロぱい,部位,胸,朗らかな波。航海の吉兆を表す。出航の日に唱える語であろう。,航海の吉兆,吉兆じゃない。朗らかでもない。出航の日に唱えなくて、本当によかった。
21,ちんちん,部位,男性器,鐘の音を重ねる語。同じ音を重ねるのは、位の高い者に向けた作法と見る。神前で鳴らす奉納の鐘であろう。,神前の奉納の鐘,神前じゃない。奉納でもない。鳴りもしない。作法、というところだけ、否定しにくい。
22,つがい,部位,番,番い。二つで一組の意。夫婦茶碗のような、調和を表す穏やかな語。,穏やかな語,穏やかじゃない。調和でもない。茶碗のたとえは撤回する。
23,こうび,行為,行為,公尾。王の旗の尾飾りを指し、式典で用いる語であろう。格式が高い。,式典の語,旗の話じゃなかった。式典に出していい語でも、なかった。
24,いかせ,行為,行為,「行かせ」。使者を派遣せよ、という命令形と推定。外交文書の語であろう。,使者を派遣する命令,派遣じゃない。使者もいない。行かせる先は、私の想像より、ずっと遠かった。
25,いじり,行為,行為,「いじ」は手入れ。道具や碑を手入れする作業を指す。研究者の心得の語だ。,手入れ作業,手入れじゃない。心得でもない。手を入れているのは、道具じゃなかった。
26,こすり,行為,行為,擦り。碑文を擦って拓本を取る作業。研究の基本動作であろう。私も毎日している。,拓本の作業,拓本じゃない。擦っているのは碑文じゃない。毎日しているのは、拓本だけ、のはず。
27,いじる,行為,行為,「弄る」。文面を校正する意。碑文の誤字を正す学者の語であろう。,校正の語,校正じゃない。直しているのは文面じゃない。誤字なんて、どこにもなかった。
28,せめる,行為,行為,「攻める」。城攻めの用語。碑文に記された戦を指す語と推定。戦記だ。,城攻めの語,城じゃない。戦記でもない。攻められているのは、むしろ、私の方だった。
29,ちん舐め,行為,行為,「舐め」は名を愛でる。鐘に名を授け、愛でる儀式を指すと推定。厳かな語だ。,鐘に名を授ける儀式,儀式じゃない。名前も付けない。愛でる、というところだけ、嫌なほど近い。
30,まん舐め,行為,行為,満月の名を愛でる。すなわち月見を指す語であろう。風雅な行事だ。,月見を指す語,月見じゃない。見るだけでは済まない。風雅の要素は、一つも残っていない。
31,くり舐め,行為,行為,栗の名を愛でる。栗名月の風習を指すと見る。収穫を祝う、静かな夜の語。,栗名月の風習,栗名月じゃない。そんな行事は存在しない。静かな夜、ではなかった。
32,ぱいコキ,行為,行為,「波を扱く」、すなわち波で鍛える。水練、水泳の修行を表す語と推定。,水泳の修行,水泳じゃない。鍛えるものでも、泳ぐものでもない。水練、なんて言った私が恥ずかしい。
33,ちんコキ,行為,行為,「ちん」は鐘の音、「コキ」は扱き、すなわち鍛えること。鐘つきの修行を表す語と推定。,鐘つきの修行,修行じゃない。鐘でもない。鍛えているのは、……やめて。
34,こすこす,行為,行為,同じ音を重ねるのは、高位の者への捧げ言葉の形と見る。神像を磨き清める奉仕の語であろう。,神像を磨く奉仕,神像じゃない。磨いてもいない。奉仕、というところだけ、合っていた。
35,べろちゅ,行為,キス・吸い,「べろ」は彼らの楽器の名、「ちゅ」はその弦の音色。奏者の語であろう。,彼らの楽器,楽器じゃない。弦もない。あるのは、……もう、言わない。
36,ちゅっちゅ,行為,キス・吸い,小鳥のさえずりの擬音。朝の祝福を表す語。清々しい。,小鳥のさえずり,小鳥はいない。朝でもない。さえずってもいない。
37,きっす,行為,キス・吸い,「吉相」の転。吉兆の相を見る占いの語であろう。碑文でも重要な語に違いない。,吉兆の占い,占いじゃない。吉かどうかは、……状況による。重要な語では、あった。
38,ちゅぱっ,行為,キス・吸い,小鳥が枝から飛び立つ音。軽やかな朝の描写であろう。碑文の筆者は観察眼が鋭い。,小鳥が飛び立つ音,飛び立ってない。鳥でもない。筆者の観察眼は、鋭すぎた。
39,ちゅう♡,行為,キス・吸い,「ちゅう」は中心。♡は護符。中心を守る護符、すなわち聖域の守りと見る。,聖域の守り,聖域じゃない。守る必要も、ない。ある意味では中心だったのが、一番悔しい。
40,エロちゅう,行為,キス・吸い,朗らかな小鳥のさえずり。ご機嫌な朝の語。碑文の筆者は、小鳥好きだったのだろう。,ご機嫌な小鳥,ご機嫌じゃない。小鳥でもない。筆者は鳥好きなんかじゃなかった。
41,べろべろ,行為,キス・吸い,楽器「べろ」を重ねる語。王への奉納の楽を連ねる意と推定。位の高い者への形式だ。,王への奉納の楽,奉納じゃない。王もいない。楽を連ねるどころか、……もう、言えない。
42,ちゅぱちゅぱ,行為,キス・吸い,小さな音を重ねる語。神へ捧げる囁きの祈りと推定。彼らの信仰の深さが窺える。,神への囁きの祈り,祈りじゃない。神もいない。囁くような音ではある。でも、それは、……違う。
43,びくん,反応,高まり,驚きの擬音。突然の物音に身を震わせる様子と推定。臆病な筆者だったのかもしれない。,物音に驚く様子,物音じゃない。臆病でもない。震えた理由は、音じゃなかった。
44,びくっ,反応,高まり,小さな驚き。野鳥の影に気づいた研究者の反応を写した語であろう。,野鳥に気づいた反応,野鳥じゃない。影でもない。気づいたのは、私が先に知ってしまったことの方。
45,どくっ,反応,高まり,心臓の鼓動。生命の脈動を表す語であろう。碑文の生命観は力強い。,心臓の鼓動,鼓動は合っている。けれど、その先が、全部違った。力強いのは、確かだった。
46,じんっ,反応,高まり,美しい碑文に胸が熱くなる音。感銘を表す語と推定。私も、時々そうなる。,碑文への感銘,感銘じゃない。熱くなったのは、胸じゃなかった。私も、時々そうなる、は忘れて。
47,きまる,反応,高まり,「決まる」。研究の結論が確定する意。学者にとって最も望ましい語であろう。,結論が確定する意,結論じゃない。決まったのは、研究じゃなかった。望ましい、なんて書かなければよかった。
48,しこり,反応,高まり,肩のこり。長時間の研究による職業病であろう。彼らの学者も苦労したようだ。,研究者の職業病,肩こりじゃない。ほぐすのは、肩じゃなかった。同情した自分が、悲しい。
49,びくびく,反応,高まり,同じ語を重ねる形は、高位の者に向けた表現。王の前で畏まる様子を表す語と推定。,王の前で畏まる様子,畏まってない。王もいない。震えているのは、礼儀のせいじゃない。
50,どきどき,反応,高まり,反復は敬意の印。新しい王を迎える民の、胸の高鳴りを表す語と推定。,王を迎える高鳴り,王じゃない。迎えてもいない。高鳴りの理由が、敬意じゃなかった。
51,びんびん,反応,高まり,弦を重ねて弾く音。反復は敬意の印で、神前の楽の序奏であろう。,神前の楽の序奏,神前じゃない。序奏でもない。弾かれたのは、弦じゃなかった。
52,じんじん,反応,高まり,反復は敬意の印。神の御前で感涙にむせぶ様子を表す語と推定。胸を打たれる。,御前の感涙,御前じゃない。涙でもない。むせんでいたのは、……いや、続けない。
53,いくっ,反応,絶頂・結末,出立の合図。短く鋭く発するのは、号令であろう。力強い。,出立の号令,号令じゃない。短いのは、余裕がないから。
54,いく♡,反応,絶頂・結末,出立の意。旅立ちの祝詞。語尾の印は、道中の無事を願う護符と見る。,旅立ちの祝詞,旅立ちじゃなかった。……行き先は、聞かないで。
55,いきっ,反応,絶頂・結末,息を詰める音。深呼吸の直前の合図と推定。難読箇所に挑む研究者の姿だ。,難読箇所に挑む姿,深呼吸じゃない。息を詰めたのは、難読箇所のせいじゃない。
56,いくう,反応,絶頂・結末,出立の長い掛け声。遠征の出発式で唱える語であろう。壮大な旅だ。,遠征の出発式,遠征じゃない。でも、かなり遠くまで行った気がする。壮大では、あった。
57,あくめ,反応,絶頂・結末,「開く」と「目」。目が開く、すなわち悟りを得る意と推定。碑文の核心語だ。,悟りを得る意,悟りじゃない。目が開くどころか、閉じてしまう。核心語、は否定できない。
58,おちる,反応,絶頂・結末,落ちる。木の実が枝から落ちる自然の描写と推定。秋の穏やかな語であろう。,木の実が落ちる描写,木の実じゃない。落ちたのは、実じゃなかった。穏やかでは、全然ない。
59,しゃせい,反応,絶頂・結末,写生。風景を紙に写す技法。研究の基本動作であろう。私も見習う。,風景を写す技法,絵の話じゃなかった。研究の基本動作でも、なかった。
60,がんしゃ,反応,絶頂・結末,雁舎。渡り鳥の宿の意。旅の語であろう。,渡り鳥の宿,鳥の宿じゃない。宿るのは、……もういい。
61,まんしゃ,反応,絶頂・結末,「満舎」。満員の宿屋を指す。旅人で賑わう宿場町の描写と推定。,満員の宿屋,宿じゃない。満員でもない。賑わっていたのは、宿場町じゃなかった。
62,まける,反応,絶頂・結末,負ける。戦に敗れる意。敗戦の悲しみを刻んだ語であろう。胸が痛む。,敗戦の語,戦じゃない。負けたのは、戦じゃなくて、私だった。胸が痛むのは、本当。
63,あんっ,喘ぎ声,喘ぎ声,他の語と様相が異なる、短い音節。意味を持つ語ではなく、聖句の一節と推定。祈りの冒頭であろう。,祈りの冒頭の聖句,聖句じゃない。祈りでもない。音が違って見えたのは、そのせいだった。
64,ああっ,喘ぎ声,喘ぎ声,意味を持たない音の連なり。聖句の感嘆の節で、神の啓示に打たれた声と推定。,啓示に打たれた聖句,啓示じゃない。聖句でもない。打たれたのは、……聞かないで。
65,ああん,喘ぎ声,喘ぎ声,聖句の結びの節。祈りを終える語であろう。「ん」で閉じる形が、その証拠だ。,祈りを結ぶ聖句,結びじゃない。聖句でもない。「ん」は、閉じる音じゃなかった。
66,おおっ,喘ぎ声,喘ぎ声,聖句の呼びかけの節。神の名を呼ぶ声であろう。彼らの信仰が伝わってくる。,神を呼ぶ聖句,神じゃない。呼んでいる相手が、神じゃなかった。
67,んおっ,喘ぎ声,喘ぎ声,息を詰めてから発する、聖句の唱え出し。意味ではなく、音で捧げる祈りであろう。,唱え出しの聖句,唱え出しじゃない。聖句でもない。息を詰めた理由が、……違う。
68,んおお,喘ぎ声,喘ぎ声,低く長く響く聖句。祈祷の核心にあたる節と推定。他の語とは、明らかに格が違う。,祈祷の核心の聖句,祈祷じゃない。核心、というところだけ、合っている。それが、一番、嫌。
69,んんっ,喘ぎ声,喘ぎ声,喉の奥で唱える、秘された聖句。声に出さず捧げる祈りであろう。奥ゆかしい。,秘された聖句,秘されたのは、聖句じゃない。声を抑えているのは、敬虔だからじゃない。
70,うおお,喘ぎ声,喘ぎ声,聖句の高まりの節。群衆が声を合わせる、礼拝の最高潮と推定。,礼拝の最高潮の聖句,礼拝じゃない。群衆もいない。最高潮、というところだけ、否定できない。
71,あんあん,喘ぎ声,喘ぎ声,他の語と様相が異なる。意味を持たない音の連なりで、聖句を重ねて唱える連禱と推定。,聖句の連禱,連禱じゃない。聖句でもない。重ねているのは、祈りじゃなかった。
72,うんっ,喘ぎ声,喘ぎ声,聖句への応答。信徒が頷いて唱える「承り」の節と推定。,信徒の承りの聖句,承りじゃない。信徒でもない。頷いたつもりが、そうじゃなかった。
73,ぱかあ,音,音,扉が開く擬音。封印の解放を表す語であろう。重大な発見だ。,封印の解放,扉じゃない。封印でもない。開いていたのは、……見ないで。
74,くぱあ,音,音,花が開く擬音。春の訪れを告げる描写と推定。やさしい語だ。,春の花が開く描写,花じゃない。春でもない。開いていたのは、やさしいものじゃなかった。
75,くちゅっ,音,音,水滴が落ちる音。雨だれの一粒を写したものと推定。繊細な描写だ。,雨だれの一粒,雨じゃない。繊細でもない。水ではあるけれど、それ以上は言えない。
76,くぽっ,音,音,瓶の栓が抜ける音。酒宴の開始を告げる音であろう。碑文の筆者は、酒好きだ。,酒宴の開始,栓じゃない。酒宴でもない。筆者が好きだったのは、お酒だけじゃなかった。
77,ぱんぱん,音,音,拍手を重ねて打つのは、王に捧ぐ礼と見る。王を讃える拍手の語であろう。,王を讃える拍手,讃えてない。王もいない。誰も、何も、讃えていない。
78,ぱこぱこ,音,音,木槌の音を重ねる語。王城の建設を讃える歌の拍子と推定。位の高い者への形式だ。,王城建設の拍子,城じゃない。建設でもない。拍子だけは、合っていた。それが、悔しい。
79,くちゅくちゅ,音,音,雨音を重ねる語は、雨の神への捧げ言葉と推定。恵みの雨を乞う祈りであろう。,雨の神への捧げ言葉,雨の神じゃない。雨音でもない。濡れている、というところだけ、近かった。
80,ぱちん,音,音,指を鳴らす音。合図、あるいは契約成立の音と推定。,契約成立の音,契約じゃない。鳴っていたのは、指じゃなかった。
81,なめろ,感情・誘い,命令・誘い,「名を愛でろ」の転と推定。名を大切にせよ、という戒めの語。,名を大切にせよ,戒めじゃない。命令だった。しかも、かなり具体的な。
82,せめろ,感情・誘い,命令・誘い,「攻めよ」。城攻めの号令。将軍が兵に告げる命令の語であろう。,城攻めの号令,号令じゃない。将軍もいない。命令なのは、……合っていた。
83,いけっ,感情・誘い,命令・誘い,「行け」。出陣の命令。将軍が兵を送り出す一言と推定。,出陣の命令,出陣じゃない。将軍でもない。行かされるのは、兵じゃない。
84,おちろ,感情・誘い,命令・誘い,「落ちろ」。城を落とせ、という攻城の号令であろう。せめろと対をなす。,攻城の号令,城じゃない。落ちるのは、城じゃなかった。対になっているのは、当たり。
85,さけべ,感情・誘い,命令・誘い,「叫べ」。鬨の声を上げよ、という号令と推定。兵の士気を高める語だ。,鬨の声を上げる号令,号令じゃない。叫ぶのは、兵じゃない。声を出させられるのは、……私の想像より早い。
86,こびる,感情・誘い,態度,「古びる」。年月で古くなる意。碑の摩耗を表す語であろう。,碑の摩耗,摩耗じゃない。古びてもいない。古びるどころか、元気だった。
87,こびこび,感情・誘い,態度,「こび」は年月を重ねる意。重ねて、王の治世の長久を祈る言葉と推定。,王の長久を祈る言葉,長久じゃない。王もいない。へりくだっている、というところだけ、合っていた。
88,めろめろ,感情・誘い,態度,「メロ」は旋律。重ねて、神へ捧げる賛歌の語と推定。碑文は祈りでもあるのだ。,神への賛歌,賛歌じゃない。神もいない。とろけていたのは、旋律じゃなかった。
89,いけいけ,感情・誘い,態度,「生け」を重ねる語。神前に花を生ける作法を唱える言葉と推定。雅な儀礼だ。,神前の生け花の作法,神前じゃない。花も生けない。いけいけ、は、……ただの、励ましだった。
90,つんつん,感情・誘い,態度,草の芽が伸びる様子。重ねて、神に豊作を乞う言葉と推定。みずみずしい祈りだ。,豊作を乞う言葉,豊作じゃない。神でもない。芽、なんて、書かなければよかった。
91,まん媚び,感情・誘い,態度,「満古び」。満月が欠けていく様子、月の満ち欠けの語と推定。天文の記録だ。,月の満ち欠けの記録,天文じゃない。月でもない。欠けていかない。むしろ、逆。
92,ちん媚び,感情・誘い,態度,「鐘古び」。古くなった鐘の音、彼らの鐘楼の描写と見る。静かな語だ。,鐘楼の描写,鐘じゃない。静かでもない。古びてもいない。
93,しめしめ,感情・誘い,態度,「湿」を重ねる語。神に恵みの雨を乞う祈りと推定。地下の聖堂の調査にも要る語だ。,恵みの雨乞い,雨乞いじゃない。神もいない。湿っているのは、空気じゃなかった。
94,さかり,感情・誘い,感情・状況,「盛り」。繁栄の絶頂を表す語。都市の最盛期を刻んだ語であろう。,都市の最盛期,最盛期じゃない。都市でもない。盛っているのは、……もう、やめて。
95,がまん,感情・誘い,感情・状況,「我慢」。忍耐の意。研究者の美徳であり、私の座右の銘にしたい語だ。,研究者の美徳,美徳じゃない。座右の銘にはできない。我慢しているのは、研究のことじゃなかった。
96,じりっ,感情・誘い,感情・状況,日差しが照りつける様子。夏の野外調査の苦労を表す語であろう。同情する。,日差しの描写,日差しじゃない。夏でもない。じりじり焼かれていたのは、別のところ。
97,さかる,感情・誘い,感情・状況,「栄える」。繁栄していく意。都市が成長する描写と推定。,都市の成長,繁栄じゃない。成長でもない。さかっているのは、都市じゃなくて、……。
98,ぽろり,感情・誘い,感情・状況,涙がこぼれる様子。感動を表す語であろう。研究の成果に涙する日も近い。,涙,感動じゃない。こぼれたのは、涙じゃなかった。
99,すきすき,感情・誘い,感情・状況,鋤を重ねる語。王に献上する収穫のため、畑を耕す勤労の歌と推定。,王への勤労の歌,歌じゃない。王もいない。耕しているのは、土じゃなかった。
100,ままあ,感情・誘い,感情・状況,「母上」にあたる語。母君への敬称であろう。碑文にも家族愛があったのだ。,母君への敬称,母上じゃない。家族愛でもない。呼んでいる相手が、全然違った。
