id,name,level,source_yaku,source_han_total,han(新),han(旧),note
M001,初夜,中合体,本番|準備万端,3,4,8,元の役から子づくりを外し、中合体に変更
M002,キスアクメ祭り,大合体,キスの雨|絶頂そろい|まさかのキスアクメ,7,9,9,
M007,飼いならし,中合体,命令と服従|調教,4,5,5,
M009,見られて濡れてイく,小合体,見られてイく|濡れて絶頂,2,3,3,
M010,完全オホ声,小合体,獣の声|オホ声,2,3,3,
M011,手も口も,小合体,ぺろぺろ|しこしこ,2,3,3,
M012,見せつけラブ,小合体,ちら見せ|ハート多め,2,3,3,
M013,しっとりエロス,小合体,ちょいエロ|しっとり,2,3,3,
M014,おねだり,小合体,上目づかい|穴ふたつ,2,3,3,
M018,見せオナ,小合体,オナニー|見られてイく,2,3,3,
M019,ラブラブキス,小合体,キスの雨|ラブ系,2,3,3,
M020,女王様のお許し,小合体,本番|女王様,2,3,3,
M021,好きで感じる,小合体,ラブ系|快感系,2,3,3,
M022,純愛,小合体,可愛い声|ラブ系,2,3,3,
M023,理性崩壊,小合体,獣の声|快感系,2,3,3,
M024,甘々カップル,小合体,可愛い声|恋人のキス,2,3,3,
M025,初恋,大合体,可愛い声|ラブ系|恋人のキス,3,5,5,
M026,手も口も総動員,大合体,ぺろぺろ|しこしこ|ダブル奉仕,3,5,5,
M027,大開帳,中合体,ぱっくり|ご開帳,3,4,5,
M028,ぬれぬれ全開,中合体,ぱっくり|ぬれて開く,3,4,5,
M029,見せつけ全開,中合体,ぱっくり|見せびらかし,3,4,5,
M030,開きっぱなしでイく,中合体,ぱっくり|開いてイく,4,5,6,
M031,命令されて全開,中合体,ぱっくり|あけなさい,4,5,6,
M032,従順な開帳,中合体,あけなさい|命令と服従,5,6,6,
M033,見せて果てる,中合体,開いてイく|見られてイく,4,5,5,
M035,満開アクメ,大合体,ぱっくり|ご開帳|開いてイく,6,8,9,
M036,ぬれ見せ全開,大合体,ぱっくり|ぬれて開く|見せびらかし,5,7,8,
