type_id,name,a_filter,b_filter,weight,description
1,交尾型,slot=部位;sub=男性器,slot=部位;sub=女性器,1,AをBに交わらせ生殖すること、それに準ずること
2,部位攻め型,slot=部位,slot=行為,1,生殖の前段階、最中にお互いを盛り立てるためにAをBすること
3,部位型,slot=部位,slot=反応,1,性的興奮にある2人のあいだで、Aが原因でBになること(2040で訂正。2030の原文は「Bとすること」)
4,行為型,slot=行為,slot=反応,1,Aが原因でBとすること、性行為の環境下である
5,部位アピ型,slot=部位,sub=命令・誘い,1,女性から男性へとAをBさせようとすること、かなり積極的に
6,部位音型,slot=部位,slot=音,1,性的興奮下でAがBのような音を立てるまでになってしまうこと
7,音と喘ぎ型,slot=音,slot=音|喘ぎ声,1,声、または音で性的興奮を盛り上げるためにAとBの音を出し合うこと
8,感情誘い型,sub=感情・状況,slot=感情・誘い,1,性行為の興奮を盛り上げるため、Aの気持ちでBすること
10,キス型,sub=キス・吸い,sub=キス・吸い,1,性行為をしてもいい、そんな相手同士がAでBのような接吻をすること
