no,語A,語B,名前,1周目の誤読名
1,ちんぽ,まんこ,交尾,灯火と満月の祭礼
2,つがい,こうび,生殖目的でパートナーとつながる,調和の式典
3,ぬれまん,なめろ,秘部へ奉仕させる,雨上がりの満月を愛でよ
4,ぬれくり,なめろ,陰核へ奉仕させる,雨の日の栗を愛でよ
5,まん舐め,いくっ,お口で刺激され絶頂すること,満ち足りて出立せよ
6,くり舐め,びくん,お口で刺激され感じること,栗の味見に驚く
7,デカちん,まんこ,男性からの交わりを期待する,大鐘と満月の祝祭
8,ちんコキ,しゃせい,男性を奉仕で導く,鐘つき修行と写生
9,ちんコキ,がんしゃ,男性の欲情をお顔で受け止める,修行帰りの雁の宿
10,おしり,ぱちん,お尻を叩かれる,最後尾で契約成立
11,ぱんぱん,あんあん,交わりで感じたときの喘ぎ声,王への拍手と聖句の連禱
12,ちくび,びくん,胸の先端で感じてしまった反応,岬の絶景に驚く
13,くちゅくちゅ,ぬれまん,秘部が感じて湿ってしまった音、触れる音,雨の神への捧げ言葉と満月
14,ぱかあ,くぱあ,秘部を開いてしまった時に使う音,扉が開き光が差す
15,ちゅっちゅ,べろちゅ,親密で、舌まで入れた接吻の際に使う,小鳥と楽器の朝の合奏
16,さかり,こびる,興奮して自分から性的にへりくだること,繁栄の世も古びゆく
17,がまん,じりっ,性的に興奮が抑えられない時のもどかしい時,忍耐の研究者に日が照りつける
18,さかる,せめろ,,栄えんと攻め上れ
19,ぽっち,いじる,胸の先端を刺激すること,小さな点を校正せよ
20,ちん♡,まん♡,,鐘と満月に祈る護符
21,あなる,こすこす,,洞窟の神像を磨き清める
22,まんしゃ,いく♡,,満員の宿から旅立ちの祝詞
23,おまめ,いじり,,豆の選別作業
24,ちゅぱちゅぱ,ちんちん,,神前の鐘と囁きの祈り
25,ちんぽ,ぬれまん,,雨上がりの満月に灯をともす
26,きまる,んおお,,決着の聖句
27,びくびく,いくう,,王の前で畏まり旅立つ
28,おしり,ぱんぱん,,最後尾から王へ拍手
29,エロちゅう,べろべろ,,ご機嫌な小鳥と奉納の楽
30,ままあ,こびこび,,母君の長久を祈る言葉
