word,種別,slot_no,slot,sub,読み,部位,トーン,命令の係り先
ちんぽ,語,2,部位,男性器,ちんぽ,男性器,淫乱,
ちんこ,語,2,部位,男性器,ちんこ,男性器,淫乱,
まんこ,語,2,部位,女性器,まんこ,女性器,淫乱,
おめこ,語,2,部位,女性器,おめこ,女性器,淫乱,
おまめ,語,2,部位,女性器,おまめ,女性器,淫乱,
ちくび,語,2,部位,胸,ちくび,胸,淫乱,
あなる,語,2,部位,後ろ,あなる,後ろ,淫乱,
こうび,語,3,行為,行為,こうび,,淫乱,
がんしゃ,語,5,反応,絶頂・結末,がんしゃ,顔,淫乱,
いかせ,語,3,行為,行為,いかせ,,淫乱,
いじり,語,3,行為,行為,いじり,,淫乱,
しゃせい,語,5,反応,絶頂・結末,しゃせい,,淫乱,
あくめ,語,5,反応,絶頂・結末,あくめ,,淫乱,
いくっ,語,5,反応,絶頂・結末,いくつ,,淫乱,
ちゅっちゅ,語,3,行為,キス・吸い,ちゅつちゅ,,淫乱,
べろちゅ,語,3,行為,キス・吸い,べろちゅ,口,ラブ,
きっす,語,3,行為,キス・吸い,きつす,,ラブ,
あんっ,語,6,喘ぎ声,喘ぎ声,あんつ,,,
ああっ,語,6,喘ぎ声,喘ぎ声,ああつ,,,
おおっ,語,6,喘ぎ声,喘ぎ声,おおつ,,淫乱,
んおっ,語,6,喘ぎ声,喘ぎ声,んおつ,,淫乱,
んんっ,語,6,喘ぎ声,喘ぎ声,んんつ,,,
うおお,語,6,喘ぎ声,喘ぎ声,うおお,,淫乱,
あうう,語,6,喘ぎ声,喘ぎ声,あうう,,,
うんん,語,6,喘ぎ声,喘ぎ声,うんん,,,
なめろ,語,1,感情・誘い,命令・誘い,なめろ,,SM,部位
せめろ,語,1,感情・誘い,命令・誘い,せめろ,,SM,部位
あけろ,語,1,感情・誘い,命令・誘い,あけろ,,SM,部位
おちろ,語,1,感情・誘い,命令・誘い,おちろ,,SM,反応
なめな,語,1,感情・誘い,命令・誘い,なめな,,SM,部位
せめな,語,1,感情・誘い,命令・誘い,せめな,,SM,部位
あけな,語,1,感情・誘い,命令・誘い,あけな,,SM,部位
いきな,語,1,感情・誘い,命令・誘い,いきな,,SM,反応
いけっ,語,1,感情・誘い,命令・誘い,いけつ,,SM,反応
なけっ,語,1,感情・誘い,命令・誘い,なけつ,,SM,喘ぎ声
さけべ,語,1,感情・誘い,命令・誘い,さけべ,,SM,喘ぎ声
いくな,語,1,感情・誘い,命令・誘い,いくな,,SM,反応
おなめ,語,1,感情・誘い,命令・誘い,おなめ,,SM,部位
まんしゃ,語,5,反応,絶頂・結末,まんしゃ,女性器,淫乱,
けつしゃ,語,5,反応,絶頂・結末,けつしゃ,後ろ,淫乱,
ぱいしゃ,語,5,反応,絶頂・結末,ぱいしゃ,胸,淫乱,
ぱかあ,語,4,音,音,ぱかあ,,淫乱,
くぱあ,語,4,音,音,くぱあ,,淫乱,
ぱかっ,語,4,音,音,ぱかつ,,淫乱,
くぱっ,語,4,音,音,くぱつ,,淫乱,
ぱかん,語,4,音,音,ぱかん,,淫乱,
くちゅっ,語,4,音,音,くちゅつ,,淫乱,
くぽっ,語,4,音,音,くぽつ,,淫乱,
ままあ,語,1,感情・誘い,感情・状況,ままあ,,ラブ,
きつく・きっく,語,6,喘ぎ声,喘ぎ声,きつく,,,
きくう,語,6,喘ぎ声,喘ぎ声,きくう,,,
すき♡・きす♡,語,1,感情・誘い,感情・状況,すき,,ラブ,
穴すき・きす穴,語,1,感情・誘い,感情・状況,あなすき,穴,ラブ,
エロすき・エロきす,語,1,感情・誘い,感情・状況,えろすき,,ラブ,
ぬれすき・ぬれきす,語,1,感情・誘い,感情・状況,ぬれすき,,ラブ,
きく♡,語,5,反応,高まり,きく,,ラブ,
穴きく,語,5,反応,高まり,あなきく,穴,淫乱,
媚びおな,語,3,行為,行為,こびおな,,ラブ,
見せちん,語,2,部位,男性器,みせちん,男性器,淫乱,
見せまん,語,2,部位,女性器,みせまん,女性器,淫乱,
見せけつ・けつ見せ,語,2,部位,後ろ,みせけつ,後ろ,淫乱,
見せぱい,語,2,部位,胸,みせぱい,胸,淫乱,
見せくり,語,2,部位,女性器,みせくり,女性器,淫乱,
見せちつ,語,2,部位,女性器,みせちつ,女性器,淫乱,
見せべろ,語,2,部位,役割,みせべろ,口,淫乱,
見せまめ,語,2,部位,女性器,みせまめ,女性器,淫乱,
見せあな,語,2,部位,穴,みせあな,穴,淫乱,
見せちく,語,2,部位,胸,みせちく,胸,淫乱,
デカちん,語,2,部位,男性器,でかちん,男性器,淫乱,
デカけつ,語,2,部位,後ろ,でかけつ,後ろ,淫乱,
デカぱい,語,2,部位,胸,でかぱい,胸,淫乱,
デカくり,語,2,部位,女性器,でかくり,女性器,淫乱,
デカまめ,語,2,部位,女性器,でかまめ,女性器,淫乱,
デカちく,語,2,部位,胸,でかちく,胸,淫乱,
エロちん,語,2,部位,男性器,えろちん,男性器,淫乱,
エロまん,語,2,部位,女性器,えろまん,女性器,淫乱,
エロけつ,語,2,部位,後ろ,えろけつ,後ろ,淫乱,
エロぱい,語,2,部位,胸,えろぱい,胸,淫乱,
エロくり,語,2,部位,女性器,えろくり,女性器,淫乱,
エロちつ,語,2,部位,女性器,えろちつ,女性器,淫乱,
エロめす,語,2,部位,役割,えろめす,,淫乱,
エロおす,語,2,部位,役割,えろおす,,淫乱,
エロべろ,語,2,部位,役割,えろべろ,口,淫乱,
エロまめ,語,2,部位,女性器,えろまめ,女性器,淫乱,
エロあな,語,2,部位,穴,えろあな,穴,淫乱,
エロちく・エロくち,語,2,部位,胸,えろちく,胸|口,淫乱,
エロおな,語,3,行為,行為,えろおな,,淫乱,
ぬれまん,語,2,部位,女性器,ぬれまん,女性器,淫乱,
ぬれちつ,語,2,部位,女性器,ぬれちつ,女性器,淫乱,
ぬれくり,語,2,部位,女性器,ぬれくり,女性器,淫乱,
ぬれぱい,語,2,部位,胸,ぬれぱい,胸,淫乱,
ぬれまめ,語,2,部位,女性器,ぬれまめ,女性器,淫乱,
ぬれおな,語,3,行為,行為,ぬれおな,,淫乱,
ちん穴,語,2,部位,男性器,ちんあな,男性器,淫乱,
まん穴,語,2,部位,女性器,まんあな,女性器,淫乱,
けつ穴,語,2,部位,後ろ,けつあな,後ろ,淫乱,
まぞ穴,語,2,部位,SM,まぞあな,穴,SM,
さど穴,語,2,部位,SM,さどあな,穴,SM,
めす穴,語,2,部位,役割,めすあな,穴,淫乱,
おす穴,語,2,部位,役割,おすあな,穴,淫乱,
くち穴,語,2,部位,口,くちあな,口,淫乱,
ちん媚び,語,1,感情・誘い,態度,ちんこび,男性器,ラブ,
まん媚び,語,1,感情・誘い,態度,まんこび,女性器,ラブ,
まぞ媚び,語,1,感情・誘い,態度,まぞこび,,SM,
さど媚び,語,1,感情・誘い,態度,さどこび,,SM,
めす媚び,語,1,感情・誘い,態度,めすこび,,ラブ,
おす媚び,語,1,感情・誘い,態度,おすこび,,ラブ,
けつ媚び,語,1,感情・誘い,態度,けつこび,後ろ,ラブ,
ちつ媚び,語,1,感情・誘い,態度,ちつこび,女性器,ラブ,
ちく媚び,語,1,感情・誘い,態度,ちくこび,胸,ラブ,
ちん♡,語,2,部位,男性器,ちん,男性器,ラブ,
まん♡,語,2,部位,女性器,まん,女性器,ラブ,
けつ♡,語,2,部位,後ろ,けつ,後ろ,ラブ,
ぱい♡,語,2,部位,胸,ぱい,胸,ラブ,
くり♡,語,2,部位,女性器,くり,女性器,ラブ,
ちつ♡,語,2,部位,女性器,ちつ,女性器,ラブ,
めす♡,語,2,部位,役割,めす,,ラブ,
おす♡,語,2,部位,役割,おす,,ラブ,
べろ♡,語,2,部位,役割,べろ,口,ラブ,
まま♡,語,2,部位,役割,まま,,ラブ,
まめ♡,語,2,部位,女性器,まめ,女性器,ラブ,
あな♡,語,2,部位,穴,あな,穴,ラブ,
くち♡,語,2,部位,口,くち,口,ラブ,
おな♡,語,3,行為,行為,おな,,ラブ,
ぱか♡,語,4,音,音,ぱか,,ラブ,
くぱ♡・ぱく♡,語,4,音,音,くぱ,,ラブ,
くぽ♡,語,4,音,音,くぽ,,ラブ,
ちん舐め,語,3,行為,行為,ちんなめ,男性器,淫乱,
まん舐め,語,3,行為,行為,まんなめ,女性器,淫乱,
けつ舐め,語,3,行為,行為,けつなめ,後ろ,淫乱,
ぱい舐め,語,3,行為,行為,ぱいなめ,胸,淫乱,
くり舐め,語,3,行為,行為,くりなめ,女性器,淫乱,
ちつ舐め,語,3,行為,行為,ちつなめ,女性器,淫乱,
まめ舐め,語,3,行為,行為,まめなめ,女性器,淫乱,
あな舐め,語,3,行為,行為,あななめ,穴,淫乱,
ちく舐め,語,3,行為,行為,ちくなめ,胸,淫乱,
ちんコキ,語,3,行為,行為,ちんこき,男性器,淫乱,
まんコキ,語,3,行為,行為,まんこき,女性器,淫乱,
けつコキ,語,3,行為,行為,けつこき,後ろ,淫乱,
ぱいコキ,語,3,行為,行為,ぱいこき,胸,淫乱,
くりコキ,語,3,行為,行為,くりこき,女性器,淫乱,
ちつコキ,語,3,行為,行為,ちつこき,女性器,淫乱,
まぞコキ,語,3,行為,行為,まぞこき,,SM,
さどコキ,語,3,行為,行為,さどこき,,SM,
まめコキ,語,3,行為,行為,まめこき,女性器,淫乱,
ちくコキ・くちコキ,語,3,行為,行為,ちくこき,胸|口,淫乱,
コキあな,語,3,行為,行為,こきあな,穴,淫乱,
ちゅぱっ,語,3,行為,キス・吸い,ちゅぱつ,,淫乱,
ちゅぽっ,語,3,行為,キス・吸い,ちゅぽつ,,淫乱,
ちゅるっ,語,3,行為,キス・吸い,ちゅるつ,,淫乱,
びくん,語,5,反応,高まり,びくん,,淫乱,
びくっ,語,5,反応,高まり,びくつ,,淫乱,
じんっ,語,5,反応,高まり,じんつ,,淫乱,
じくっ,語,5,反応,高まり,じくつ,,淫乱,
どくっ,語,5,反応,高まり,どくつ,,淫乱,
こりっ,語,5,反応,高まり,こりつ,,淫乱,
こすり,語,3,行為,行為,こすり,,淫乱,
いじる,語,3,行為,行為,いじる,,淫乱,
せめる,語,3,行為,行為,せめる,,淫乱,
さかり,語,1,感情・誘い,感情・状況,さかり,,淫乱,
さかる,語,1,感情・誘い,感情・状況,さかる,,淫乱,
がまん,語,1,感情・誘い,感情・状況,がまん,女性器,,
じりっ,語,1,感情・誘い,感情・状況,じりつ,,,
こびる,語,1,感情・誘い,態度,こびる,,ラブ,
おちる,語,5,反応,絶頂・結末,おちる,,淫乱,
どまぞ,語,1,感情・誘い,感情・状況,どまぞ,,SM,
ぽっち,語,2,部位,胸,ぽつち,胸,淫乱,
ぽろり,語,1,感情・誘い,感情・状況,ぽろり,,淫乱,
さんぽ,語,1,感情・誘い,感情・状況,さんぽ,,淫乱,
くちしゃ,語,5,反応,絶頂・結末,くちしゃ,口,淫乱,
つがい,語,2,部位,番,つがい,,淫乱,
エロすじ,語,2,部位,女性器,えろすじ,女性器,淫乱,
見せすじ,語,2,部位,女性器,みせすじ,女性器,淫乱,
ぬれすじ,語,2,部位,女性器,ぬれすじ,女性器,淫乱,
すじ♡,語,2,部位,女性器,すじ,女性器,ラブ,
すじ舐め,語,3,行為,行為,すじなめ,女性器,淫乱,
すじコキ,語,3,行為,行為,すじこき,女性器,淫乱,
ちゅっ♡,語,3,行為,キス・吸い,ちゅつ,,ラブ,
ちゅぱ♡,語,3,行為,キス・吸い,ちゅぱ,,ラブ,
ちゅぽ♡,語,3,行為,キス・吸い,ちゅぽ,,ラブ,
ちゅる♡,語,3,行為,キス・吸い,ちゅる,,ラブ,
ちゅう♡,語,3,行為,キス・吸い,ちゅう,,ラブ,
エロちゅう,語,3,行為,キス・吸い,えろちゅう,,淫乱,
んちゅ♡,語,3,行為,キス・吸い,んちゅ,,ラブ,
んちゅう,語,3,行為,キス・吸い,んちゅう,,淫乱,
いく♡,語,5,反応,絶頂・結末,いく,,ラブ,
いきっ,語,5,反応,絶頂・結末,いきつ,,淫乱,
いくう,語,5,反応,絶頂・結末,いくう,,淫乱,
いいっ,語,6,喘ぎ声,喘ぎ声,いいつ,,,
いいん,語,6,喘ぎ声,喘ぎ声,いいん,,,
あうっ,語,6,喘ぎ声,喘ぎ声,あうつ,,,
おうっ,語,6,喘ぎ声,喘ぎ声,おうつ,,淫乱,
んおお,語,6,喘ぎ声,喘ぎ声,んおお,,淫乱,
ああん,語,6,喘ぎ声,喘ぎ声,ああん,,,
うんっ,語,6,喘ぎ声,喘ぎ声,うんつ,,,
くうっ,語,6,喘ぎ声,喘ぎ声,くうつ,,,
ううっ,語,6,喘ぎ声,喘ぎ声,ううつ,,,
くうん,語,6,喘ぎ声,喘ぎ声,くうん,,,
くうう,語,6,喘ぎ声,喘ぎ声,くうう,,,
きまる,語,5,反応,高まり,きまる,,淫乱,
きっつ,語,5,反応,高まり,きつつ,,淫乱,
ちんちん,語,2,部位,部位(×2),ちんちん,男性器,淫乱,
まんまん,語,2,部位,部位(×2),まんまん,女性器,淫乱,
ぱいぱい,語,2,部位,部位(×2),ぱいぱい,胸,淫乱,
くりくり,語,2,部位,部位(×2),くりくり,女性器,淫乱,
まめまめ,語,2,部位,部位(×2),まめまめ,女性器,淫乱,
ちくちく・くちくち,語,4,音,音,ちくちく,,淫乱,
べろべろ,語,3,行為,キス・吸い,べろべろ,口,淫乱,
ちゅぱちゅぱ,語,3,行為,キス・吸い,ちゅぱちゅぱ,,淫乱,
ちゅぽちゅぽ,語,3,行為,キス・吸い,ちゅぽちゅぽ,,淫乱,
ちゅるちゅる,語,3,行為,キス・吸い,ちゅるちゅる,,淫乱,
ちゅうちゅう,語,3,行為,キス・吸い,ちゅうちゅう,,淫乱,
すきすき,語,1,感情・誘い,感情・状況,すきすき,,ラブ,
がつがつ,語,1,感情・誘い,態度,がつがつ,,淫乱,
つんつん,語,1,感情・誘い,態度,つんつん,,,
いけいけ,語,1,感情・誘い,態度,いけいけ,,淫乱,
いじいじ,語,1,感情・誘い,態度,いじいじ,,,
おろおろ,語,1,感情・誘い,態度,おろおろ,,,
こびこび,語,1,感情・誘い,態度,こびこび,,ラブ,
めろめろ,語,1,感情・誘い,態度,めろめろ,,ラブ,
おどおど,語,1,感情・誘い,態度,おどおど,,,
うじうじ,語,1,感情・誘い,態度,うじうじ,,,
こすこす,語,3,行為,行為,こすこす,,淫乱,
すりすり,語,3,行為,行為,すりすり,,淫乱,
こりこり,語,3,行為,行為,こりこり,,淫乱,
さすさす,語,3,行為,行為,さすさす,,淫乱,
ぱんぱん,語,4,音,音,ぱんぱん,,淫乱,
ぱこぱこ,語,4,音,音,ぱこぱこ,,淫乱,
くちゅくちゅ,語,4,音,音,くちゅくちゅ,,淫乱,
どちゅどちゅ,語,4,音,音,どちゅどちゅ,,淫乱,
ぱくぱく・くぱくぱ,語,4,音,音,ぱくぱく,,淫乱,
ぱかぱか,語,4,音,音,ぱかぱか,,淫乱,
かりかり,語,3,行為,行為,かりかり,,淫乱,
びくびく,語,5,反応,高まり,びくびく,,淫乱,
じんじん,語,5,反応,高まり,じんじん,,淫乱,
じりじり,語,5,反応,高まり,じりじり,,淫乱,
じくじく,語,5,反応,高まり,じくじく,,淫乱,
どくどく,語,5,反応,高まり,どくどく,,淫乱,
どきどき,語,5,反応,高まり,どきどき,,淫乱,
ぞくぞく,語,5,反応,高まり,ぞくぞく,,淫乱,
びんびん,語,5,反応,高まり,びんびん,,淫乱,
かちかち,語,5,反応,高まり,かちかち,,淫乱,
きつきつ,語,5,反応,高まり,きつきつ,,淫乱,
がくがく,語,5,反応,高まり,がくがく,,淫乱,
かくかく,語,5,反応,高まり,かくかく,,淫乱,
ぱつぱつ,語,4,音,音,ぱつぱつ,,淫乱,
どろどろ,語,5,反応,高まり,どろどろ,,淫乱,
うるうる,語,5,反応,高まり,うるうる,,淫乱,
つるつる,語,5,反応,高まり,つるつる,,淫乱,
くんくん,語,3,行為,行為,くんくん,,淫乱,
すんすん,語,3,行為,行為,すんすん,,淫乱,
あつあつ,語,5,反応,高まり,あつあつ,,淫乱,
きくきく,語,5,反応,高まり,きくきく,,淫乱,
いくいく,語,5,反応,絶頂・結末,いくいく,,淫乱,
あんあん,語,6,喘ぎ声,喘ぎ声,あんあん,,,
うんうん,語,6,喘ぎ声,喘ぎ声,うんうん,,,
おっおっ・ぉ゛っぉ゛っ,語,6,喘ぎ声,喘ぎ声,おつおつ,,淫乱,
うっうっ,語,6,喘ぎ声,喘ぎ声,うつうつ,,,
くっくっ,語,6,喘ぎ声,喘ぎ声,くつくつ,,,
おうおう,語,6,喘ぎ声,喘ぎ声,おうおう,,淫乱,
あうあう,語,6,喘ぎ声,喘ぎ声,あうあう,,,
おんおん・んおんお,語,6,喘ぎ声,喘ぎ声,おんおん,,淫乱,
びつち・びっち,語,1,感情・誘い,態度,びつち,,淫乱,
いき穴,語,2,部位,穴,いきあな,穴,淫乱,
ぱこ穴,語,2,部位,穴,ぱこあな,穴,淫乱,
エロぱこ,語,3,行為,行為,えろぱこ,,淫乱,
ぱこ♡,語,3,行為,行為,ぱこ,,ラブ,
まぞぬれ,語,2,部位,SM,まぞぬれ,,SM,
ちちコキ,語,3,行為,行為,ちちこき,胸,淫乱,
ちち♡,語,2,部位,胸,ちち,胸,ラブ,
おちち,語,2,部位,胸,おちち,胸,淫乱,
いき♡,語,5,反応,絶頂・結末,いき,,ラブ,
エロいき,語,5,反応,絶頂・結末,えろいき,,淫乱,
ぬれいき,語,5,反応,絶頂・結末,ぬれいき,,淫乱,
見せいき,語,5,反応,絶頂・結末,みせいき,,淫乱,
おち♡,語,5,反応,絶頂・結末,おち,,ラブ,
エロおち,語,5,反応,絶頂・結末,えろおち,,淫乱,
まける,語,5,反応,絶頂・結末,まける,,淫乱,
まけ♡,語,5,反応,絶頂・結末,まけ,,ラブ,
ちつしゃ,語,5,反応,絶頂・結末,ちつしゃ,女性器,淫乱,
ちちしゃ,語,5,反応,絶頂・結末,ちちしゃ,胸,淫乱,
べろしゃ,語,5,反応,絶頂・結末,べろしゃ,口,淫乱,
おちな,語,1,感情・誘い,命令・誘い,おちな,,SM,反応
おしり,語,2,部位,後ろ,おしり,後ろ,淫乱,
しり♡,語,2,部位,後ろ,しり,後ろ,ラブ,
デカしり,語,2,部位,後ろ,でかしり,後ろ,淫乱,
エロしり,語,2,部位,後ろ,えろしり,後ろ,淫乱,
見せしり,語,2,部位,後ろ,みせしり,後ろ,淫乱,
ぬれしり,語,2,部位,後ろ,ぬれしり,後ろ,淫乱,
しり穴,語,2,部位,後ろ,しりあな,後ろ,淫乱,
しり舐め,語,3,行為,行為,しりなめ,後ろ,淫乱,
しりコキ,語,3,行為,行為,しりこき,後ろ,淫乱,
しり媚び,語,1,感情・誘い,態度,しりこび,後ろ,ラブ,
しっぽ,語,2,部位,後ろ,しつぽ,後ろ,淫乱,
うしろ,語,2,部位,後ろ,うしろ,後ろ,淫乱,
ぬれけつ,語,2,部位,後ろ,ぬれけつ,後ろ,淫乱,
おけつ,語,2,部位,後ろ,おけつ,後ろ,淫乱,
ぱんっ・ぱんつ,語,4,音,音,ぱんつ,,淫乱,
ぱちん,語,4,音,音,ぱちん,,SM,
ぬれあな,語,2,部位,穴,ぬれあな,穴,淫乱,
しつけ,語,3,行為,行為,しつけ,,SM,
しかる,語,1,感情・誘い,命令・誘い,しかる,,SM,
しこり,語,5,反応,高まり,しこり,,淫乱,
しこる,語,5,反応,高まり,しこる,,淫乱,
しまる,語,5,反応,高まり,しまる,,淫乱,
しこしこ,語,3,行為,行為,しこしこ,,淫乱,
しめしめ,語,1,感情・誘い,態度,しめしめ,,,
デカ見せ♡,語,0,前置き,前置き,でかみせ,,ラブ,
エロ見せ穴,語,0,前置き,前置き,えろみせあな,,淫乱,
エロ見せ♡,語,0,前置き,前置き,えろみせ,,ラブ,
見せぬれ穴,語,0,前置き,前置き,みせぬれあな,,淫乱,
見せぬれ♡,語,0,前置き,前置き,みせぬれ,,ラブ,
見せ穴♡,語,0,前置き,前置き,みせあな,,ラブ,
媚び見せ♡,語,0,前置き,前置き,こびみせ,,ラブ,
舐め見せ♡,語,0,前置き,前置き,なめみせ,,ラブ,
コキ見せ♡,語,0,前置き,前置き,こきみせ,,ラブ,
エロデカ♡,語,0,前置き,前置き,えろでか,,ラブ,
デカぬれ♡,語,0,前置き,前置き,でかぬれ,,ラブ,
デカ媚び♡,語,0,前置き,前置き,でかこび,,ラブ,
エロぬれ穴,語,0,前置き,前置き,えろぬれあな,,淫乱,
ぬれエロ♡,語,0,前置き,前置き,ぬれえろ,,ラブ,
エロ媚び穴,語,0,前置き,前置き,えろこびあな,,淫乱,
エロ穴♡,語,0,前置き,前置き,えろあな,,ラブ,
エロコキ穴,語,0,前置き,前置き,えろこきあな,,淫乱,
エロ媚び♡,語,0,前置き,前置き,えろこび,,ラブ,
エロ舐め♡,語,0,前置き,前置き,えろなめ,,ラブ,
エロコキ♡,語,0,前置き,前置き,えろこき,,ラブ,
ぬれ媚び穴,語,0,前置き,前置き,ぬれこびあな,,淫乱,
ぬれ穴♡,語,0,前置き,前置き,ぬれあな,,ラブ,
ぬれ舐め穴,語,0,前置き,前置き,ぬれなめあな,,淫乱,
ぬれコキ穴,語,0,前置き,前置き,ぬれこきあな,,淫乱,
ぬれ媚び♡,語,0,前置き,前置き,ぬれこび,,ラブ,
ぬれ舐め♡,語,0,前置き,前置き,ぬれなめ,,ラブ,
ぬれコキ♡,語,0,前置き,前置き,ぬれこき,,ラブ,
穴媚び♡,語,0,前置き,前置き,あなこび,,ラブ,
媚び舐め穴,語,0,前置き,前置き,こびなめあな,,淫乱,
媚びコキ穴,語,0,前置き,前置き,こびこきあな,,淫乱,
穴舐め♡,語,0,前置き,前置き,あななめ,,ラブ,
穴コキ♡,語,0,前置き,前置き,あなこき,,ラブ,
コキ舐め穴,語,0,前置き,前置き,こきなめあな,,淫乱,
舐め媚び♡,語,0,前置き,前置き,なめこび,,ラブ,
媚びコキ♡,語,0,前置き,前置き,こびこき,,ラブ,
コキ舐め♡,語,0,前置き,前置き,こきなめ,,ラブ,
見せ見せ穴,語,0,前置き,前置き,みせみせあな,,淫乱,
見せ見せ♡,語,0,前置き,前置き,みせみせ,,ラブ,
デカデカ♡,語,0,前置き,前置き,でかでか,,ラブ,
エロエロ穴,語,0,前置き,前置き,えろえろあな,,淫乱,
エロエロ♡,語,0,前置き,前置き,えろえろ,,ラブ,
ぬれぬれ穴,語,0,前置き,前置き,ぬれぬれあな,,淫乱,
ぬれぬれ♡,語,0,前置き,前置き,ぬれぬれ,,ラブ,
媚び媚び穴,語,0,前置き,前置き,こびこびあな,,淫乱,
媚び媚び♡,語,0,前置き,前置き,こびこび,,ラブ,
見せ♡♡,語,0,前置き,前置き,みせ,,ラブ,
デカ♡♡,語,0,前置き,前置き,でか,,ラブ,
エロ♡♡,語,0,前置き,前置き,えろ,,ラブ,
ぬれ♡♡,語,0,前置き,前置き,ぬれ,,ラブ,
穴♡♡,語,0,前置き,前置き,あな,,ラブ,
媚び♡♡,語,0,前置き,前置き,こび,,ラブ,
舐め♡♡,語,0,前置き,前置き,なめ,,ラブ,
コキ♡♡,語,0,前置き,前置き,こき,,ラブ,
舐め舐め穴,語,0,前置き,前置き,なめなめあな,,淫乱,
舐め舐め♡,語,0,前置き,前置き,なめなめ,,ラブ,
コキコキ穴,語,0,前置き,前置き,こきこきあな,,淫乱,
コキコキ♡,語,0,前置き,前置き,こきこき,,ラブ,
♡♡♡,語,0,前置き,前置き,,,ラブ,
【雀頭】あん,雀頭,6,喘ぎ声,雀頭・可愛い系,あん,,,
【雀頭】あっ,雀頭,6,喘ぎ声,雀頭・可愛い系,あつ,,,
【雀頭】んっ,雀頭,6,喘ぎ声,雀頭・可愛い系,んつ,,,
【雀頭】んあ,雀頭,6,喘ぎ声,雀頭・可愛い系,んあ,,,
【雀頭】ああ,雀頭,6,喘ぎ声,雀頭・可愛い系,ああ,,,
【雀頭】おっ,雀頭,6,喘ぎ声,雀頭・オホ声系,おつ,,淫乱,
【雀頭】んお,雀頭,6,喘ぎ声,雀頭・オホ声系,んお,,淫乱,
【雀頭】おお,雀頭,6,喘ぎ声,雀頭・オホ声系,おお,,淫乱,
【雀頭】んん,雀頭,6,喘ぎ声,雀頭・どちらでも,んん,,,
【雀頭】うお,雀頭,6,喘ぎ声,雀頭・オホ声系,うお,,淫乱,
【雀頭】あう,雀頭,6,喘ぎ声,雀頭・可愛い系,あう,,,
【雀頭】うん,雀頭,6,喘ぎ声,雀頭・可愛い系,うん,,,
【雀頭】いく,雀頭,5,反応,雀頭・快感,いく,,淫乱,
【雀頭】きく,雀頭,5,反応,雀頭・快感,きく,,淫乱,
【雀頭】くぽ,雀頭,4,音,雀頭・擬音,くぽ,,淫乱,
【雀頭】ちん,雀頭,6,部位,雀頭・略称(語幹の略称),ちん,男性器,淫乱,
【雀頭】まん,雀頭,6,部位,雀頭・略称(語幹の略称),まん,女性器,淫乱,
【雀頭】けつ,雀頭,6,部位,雀頭・略称(語幹の略称),けつ,後ろ,淫乱,
【雀頭】ぱい,雀頭,6,部位,雀頭・略称(語幹の略称),ぱい,胸,淫乱,
【雀頭】くり,雀頭,6,部位,雀頭・略称(語幹の略称),くり,女性器,淫乱,
【雀頭】ちつ,雀頭,6,部位,雀頭・略称(語幹の略称),ちつ,女性器,淫乱,
【雀頭】まぞ,雀頭,6,部位,雀頭・略称(語幹の略称),まぞ,,SM,
【雀頭】さど,雀頭,6,部位,雀頭・略称(語幹の略称),さど,,SM,
【雀頭】めす,雀頭,6,部位,雀頭・略称(語幹の略称),めす,,,
【雀頭】おす,雀頭,6,部位,雀頭・略称(語幹の略称),おす,,,
【雀頭】べろ,雀頭,6,部位,雀頭・略称(語幹の略称),べろ,,,
【雀頭】まめ,雀頭,6,部位,雀頭・略称(語幹の略称),まめ,女性器,淫乱,
【雀頭】しり,雀頭,6,部位,雀頭・略称(追加),しり,後ろ,淫乱,
