name,pattern,han,"final_rate_pct(MODX0.05,x13,2000games)",proposal
ちら見せ,はしご(修飾牌),1,1.874,残す
見せたがり,はしご(修飾牌),2,0.000,統合:修飾牌3語
デカめ,はしご(修飾牌),1,0.242,残す
デカ盛り,はしご(修飾牌),2,0.000,統合:修飾牌3語
ちょいエロ,はしご(修飾牌),1,7.255,残す
エロ全開,はしご(修飾牌),2,0.484,統合:修飾牌3語
しっとり,はしご(修飾牌),1,1.632,残す
びしょ濡れ,はしご(修飾牌),2,0.000,統合:修飾牌3語
穴ふたつ,はしご(修飾牌),1,2.539,残す
穴だらけ,はしご(修飾牌),2,0.060,統合:修飾牌3語
上目づかい,はしご(修飾牌),1,1.270,残す
媚び媚び,はしご(修飾牌),2,0.121,統合:修飾牌3語
ハート多め,はしご(修飾牌),1,10.278,残す
ハートまみれ,はしご(修飾牌),2,1.451,統合:修飾牌3語
ぺろぺろ,はしご(修飾牌),1,1.149,残す
舐め尽くし,はしご(修飾牌),2,0.000,統合:修飾牌3語
しこしこ,はしご(修飾牌),1,1.814,残す
搾り取り,はしご(修飾牌),2,0.121,統合:修飾牌3語
ちん好き,はしご(語幹),1,0.121,統合:語幹好き
ちんに夢中,はしご(語幹),2,0.000,統合:語幹に夢中
目が釘づけ,はしご(語幹),3,0.000,削除案
まん好き,はしご(語幹),1,0.000,統合:語幹好き
まんに夢中,はしご(語幹),2,0.000,統合:語幹に夢中
けつ好き,はしご(語幹),1,0.242,統合:語幹好き
けつに夢中,はしご(語幹),2,0.000,統合:語幹に夢中
ぱい好き,はしご(語幹),1,0.181,統合:語幹好き
ぱいに夢中,はしご(語幹),2,0.000,統合:語幹に夢中
くり好き,はしご(語幹),1,0.605,統合:語幹好き
くりに夢中,はしご(語幹),2,0.000,統合:語幹に夢中
ちつ好き,はしご(語幹),1,0.181,統合:語幹好き
ちつに夢中,はしご(語幹),2,0.000,統合:語幹に夢中
ちん系コンビ,はしご(部位),1,0.181,統合:部位系
ちん系トリオ,はしご(部位),2,0.000,統合:部位系
ちん系カルテット,はしご(部位),3,0.000,統合:部位系
まん系コンビ,はしご(部位),1,5.079,統合:部位系
まん系トリオ,はしご(部位),2,0.121,統合:部位系
まん系カルテット,はしご(部位),3,0.000,統合:部位系
ぱい系コンビ,はしご(部位),1,1.209,統合:部位系
ぱい系トリオ,はしご(部位),2,0.000,統合:部位系
ぱい系カルテット,はしご(部位),3,0.000,統合:部位系
けつ系コンビ,はしご(部位),1,0.423,統合:部位系
けつ系トリオ,はしご(部位),2,0.000,統合:部位系
けつ系カルテット,はしご(部位),3,0.000,統合:部位系
語尾そろい,構造型,2,0.000,削除案
語頭づくし,構造型,3,0.121,残す
語尾づくし,構造型,2,0.060,削除案
素の言葉,構造型,2,1.451,残す
修飾づくし,構造型,1,17.715,残す
全身くまなく,構造型,1,0.000,削除案
中イキ,構造型,1,0.060,削除案
キスの雨,カテゴリ集め型,1,3.507,残す
絶頂そろい,カテゴリ集め型,2,4.293,残す
まさかのキスアクメ,カテゴリ集め型,4,2.721,残す
淫語中毒,ペア型,3,0.000,削除案
前も後ろも,ペア型,3,0.000,削除案
見せ合い,ペア型,3,0.000,削除案
らぶらぶ,ペア型,3,0.000,削除案
シックスナイン,ペア型,3,0.000,削除案
むちむち自慢,ペア型,3,0.000,削除案
M気質,ペア型,3,0.000,削除案
S気質,ペア型,3,0.000,削除案
連続絶頂,ペア型,3,0.000,削除案
主従,ペア型,2,0.060,削除案
子づくり,行為→結末型,3,0.000,削除案
ご奉仕フィニッシュ,行為→結末型,3,0.000,削除案
顔にぶっかけ,行為→結末型,2,0.000,削除案
準備万端,行為→結末型,2,0.242,残す
攻め♀,行為→結末型,2,0.000,削除案
M堕ち,行為→結末型,1,0.060,削除案
見られてイく,行為→結末型,1,0.846,残す
濡れて絶頂,行為→結末型,1,0.605,残す
同時責め,部位×行為型,2,0.000,削除案
胸責め,部位×行為型,2,0.000,削除案
尻開発,部位×行為型,2,0.000,削除案
デカぱい責め,部位×行為型,2,0.000,削除案
調教,部位×行為型,2,0.363,残す
三点責め,部位×行為型,2,0.000,削除案
ダブル奉仕,部位×行為型,1,0.181,残す
恋人のキス,物語型,1,8.404,残す
らぶイキ,物語型,3,3.990,残す
フルコース,物語型,3,2.177,残す
アクメ地獄,物語型,4,0.000,削除案
オホ声,特殊牌型,1,11.548,残す
オホ声・二,特殊牌型,2,1.149,残す
二組,構造型,3,0.000,削除案
二色,構造型,3,0.121,残す
二刀流,構造型,2,0.000,削除案
前後半々,構造型,1,0.846,残す
ばらばら,構造型,1,2.116,残す
多色,構造型,1,0.786,残す
♂♀,ペア型,2,0.302,残す
行為づくし,カテゴリ集め型,2,0.302,残す
喘ぎ二重唱,カテゴリ集め型,2,2.479,残す
喘ぎ三重奏,カテゴリ集め型,4,0.000,削除案
喘ぎながら絶頂,行為→結末型,2,8.464,残す
キスしながら喘ぐ,物語型,2,7.860,残す
キスから絶頂まで,物語型,4,1.632,残す
可愛い声,雀頭型,1,21.947,残す
獣の声,雀頭型,1,12.152,残す
同じ部位の雀頭,雀頭型,1,7.739,残す
ちん一筋,雀頭型,2,0.121,統合:雀頭一筋/ぞっこん
ちんぞっこん,雀頭型,3,0.000,統合:雀頭一筋/ぞっこん
まん一筋,雀頭型,2,0.181,統合:雀頭一筋/ぞっこん
まんぞっこん,雀頭型,3,0.000,統合:雀頭一筋/ぞっこん
けつ一筋,雀頭型,2,0.726,統合:雀頭一筋/ぞっこん
けつぞっこん,雀頭型,3,0.000,統合:雀頭一筋/ぞっこん
ぱい一筋,雀頭型,2,0.181,統合:雀頭一筋/ぞっこん
ぱいぞっこん,雀頭型,3,0.000,統合:雀頭一筋/ぞっこん
くり一筋,雀頭型,2,0.726,統合:雀頭一筋/ぞっこん
くりぞっこん,雀頭型,3,0.060,統合:雀頭一筋/ぞっこん
ちつ一筋,雀頭型,2,0.665,統合:雀頭一筋/ぞっこん
ちつぞっこん,雀頭型,3,0.060,統合:雀頭一筋/ぞっこん
まぞ一筋,雀頭型,2,0.000,統合:雀頭一筋/ぞっこん
まぞぞっこん,雀頭型,3,0.000,統合:雀頭一筋/ぞっこん
さど一筋,雀頭型,2,0.000,統合:雀頭一筋/ぞっこん
さどぞっこん,雀頭型,3,0.000,統合:雀頭一筋/ぞっこん
めす一筋,雀頭型,2,0.302,統合:雀頭一筋/ぞっこん
めすぞっこん,雀頭型,3,0.000,統合:雀頭一筋/ぞっこん
おす一筋,雀頭型,2,0.242,統合:雀頭一筋/ぞっこん
おすぞっこん,雀頭型,3,0.000,統合:雀頭一筋/ぞっこん
べろ一筋,雀頭型,2,0.000,統合:雀頭一筋/ぞっこん
べろぞっこん,雀頭型,3,0.000,統合:雀頭一筋/ぞっこん
赤ちゃんプレイ,単語きっかけ型,2,2.721,残す
命令口調,命令語型,2,1.330,残す
命令口調・三,命令語型,4,0.060,削除案
命令と服従,命令語型,2,0.665,残す
命令どおりに,命令語型,1,7.678,残す
命令違反,命令語型,3,0.363,残す
ラブ系,ラブ・快感系,1,4.111,残す
快感系,ラブ・快感系,1,6.227,残す
オナニー,行為型,1,9.492,残す
女王様,命令語型,1,2.418,残す
本番,単語きっかけ型,1,1.391,残す
ぞくぞく,反応型,2,1.572,残す
ぞくぞくが止まらない,反応型,4,0.000,削除案
震えて絶頂,反応型,2,1.874,残す
じらして絶頂,焦らし型,2,2.297,残す
とろけ顔,反応型,1,3.204,残す
吸いつきご奉仕,吸い音型,1,2.297,残す
ちゅぱちゅぱ,吸い音型,2,1.874,残す
盛りのついた,発情型,2,0.786,残す
露出ぐせ,露出型,2,0.423,残す
堕ちてイく,堕ち型,3,0.726,残す
媚びまくり,媚態型,3,0.726,残す
どMの悦び,SM型,3,0.060,削除案
つがいの営み,番型,3,0.181,残す
おくちまんこ,行為→結末型,3,0.363,残す
すじ好き,はしご(語幹),3,0.363,統合:語幹好き
ぶっかけ,v1.3n追加,1,4.353,残す
ぶっかけでイクっ,v1.3n追加,3,1.451,残す
ぱいにぶっかけ,v1.3n追加,3,0.363,残す
まんにぶっかけ,v1.3n追加,2,0.242,残す
けつにぶっかけ,v1.3n追加,3,0.060,削除案
女王様のご命令,v1.3n追加,2,0.121,残す
女王様と下僕,v1.3n追加,3,0.000,削除案
じっくり責め,v1.3n追加,1,3.748,残す
あな好き,v1.3n追加,3,0.060,削除案
ぱっくり,擬音型,2,0.121,残す
全開フルオープン,擬音型,5,0.000,削除案
ぱかぱか,擬音型,3,0.060,削除案
くぱくぱ,擬音型,3,0.000,削除案
くぽくぽ,擬音型,3,0.000,削除案
ご開帳,擬音×部位,2,5.260,残す
ぬれて開く,擬音×状態,2,1.935,残す
見せびらかし,擬音×状況,2,2.600,残す
開いてあげる♡,擬音×気持ち,2,5.744,残す
開いてご奉仕,擬音×行為,2,4.776,残す
開いてイく,擬音×結末,3,3.446,残す
あけなさい,擬音×命令,3,0.423,残す
くぽっと,雀頭型,2,1.391,残す
