name,pattern,han,kind,note
ちら見せ,はしご(修飾牌),1,既存,
デカめ,はしご(修飾牌),1,既存,
ちょいエロ,はしご(修飾牌),1,既存,
しっとり,はしご(修飾牌),1,既存,
穴ふたつ,はしご(修飾牌),1,既存,
上目づかい,はしご(修飾牌),1,既存,
ハート多め,はしご(修飾牌),1,既存,
ぺろぺろ,はしご(修飾牌),1,既存,
しこしこ,はしご(修飾牌),1,既存,
語頭づくし,構造型,3,既存,
素の言葉,構造型,2,既存,
修飾づくし,構造型,1,既存,
キスの雨,カテゴリ集め型,1,既存,
絶頂そろい,カテゴリ集め型,2,既存,
まさかのキスアクメ,カテゴリ集め型,4,既存,
準備万端,行為→結末型,2,既存,
見られてイく,行為→結末型,1,既存,
濡れて絶頂,行為→結末型,1,既存,
調教,部位×行為型,2,既存,
ダブル奉仕,部位×行為型,1,既存,
恋人のキス,物語型,1,既存,
らぶイキ,物語型,3,既存,
フルコース,物語型,3,既存,
オホ声,特殊牌型,1,既存,
オホ声・二,特殊牌型,2,既存,
二色,構造型,3,既存,
前後半々,構造型,1,既存,
ばらばら,構造型,1,既存,
多色,構造型,1,既存,
♂♀,ペア型,2,既存,
行為づくし,カテゴリ集め型,2,既存,
喘ぎ二重唱,カテゴリ集め型,2,既存,
喘ぎながら絶頂,行為→結末型,2,既存,
キスしながら喘ぐ,物語型,2,既存,
キスから絶頂まで,物語型,4,既存,
可愛い声,雀頭型,1,既存,
獣の声,雀頭型,1,既存,
同じ部位の雀頭,雀頭型,1,既存,
赤ちゃんプレイ,単語きっかけ型,2,既存,
命令口調,命令語型,2,既存,
命令と服従,命令語型,2,既存,
命令どおりに,命令語型,1,既存,
命令違反,命令語型,3,既存,
ラブ系,ラブ・快感系,1,既存,
快感系,ラブ・快感系,1,既存,
オナニー,行為型,1,既存,
女王様,命令語型,1,既存,
本番,単語きっかけ型,1,既存,
ぞくぞく,反応型,2,既存,
震えて絶頂,反応型,2,既存,
じらして絶頂,焦らし型,2,既存,
とろけ顔,反応型,1,既存,
吸いつきご奉仕,吸い音型,1,既存,
ちゅぱちゅぱ,吸い音型,2,既存,
盛りのついた,発情型,2,既存,
露出ぐせ,露出型,2,既存,
堕ちてイく,堕ち型,3,既存,
媚びまくり,媚態型,3,既存,
つがいの営み,番型,3,既存,
おくちまんこ,行為→結末型,3,既存,
ぶっかけ,v1.3n追加,1,既存,
ぶっかけでイクっ,v1.3n追加,3,既存,
ぱいにぶっかけ,v1.3n追加,3,既存,
まんにぶっかけ,v1.3n追加,2,既存,
女王様のご命令,v1.3n追加,2,既存,
じっくり責め,v1.3n追加,1,既存,
ぱっくり,擬音型,1,条件変更(句),部位の語1語+開き系の擬音(ぱかあ・くぱあ・ぱかっ・くぱっ・ぱかん・くちゅっ・くぽっ・ぱか♡・くぱ♡・くぽ♡)1語の2語で成立する句。出現率は約7%の見込み(未測定)
ご開帳,擬音×部位,2,既存,
ぬれて開く,擬音×状態,2,既存,
見せびらかし,擬音×状況,2,既存,
開いてあげる♡,擬音×気持ち,2,既存,
開いてご奉仕,擬音×行為,2,既存,
開いてイく,擬音×結末,3,既存,
あけなさい,擬音×命令,3,既存,
くぽっと,雀頭型,2,既存,
語幹好き,はしご(語幹),1,1本化,同じ語幹(ちん・まん・けつ・しり等)の語が2語。表示は語幹名を差し替え
語幹に夢中,はしご(語幹),2,1本化,同じ語幹の語が3語以上
部位コンビ,はしご(部位),1,1本化,同じ部位(男性器・女性器・胸・後ろ)の語が2語以上
部位トリオ,はしご(部位),2,1本化,同じ部位の語が3語以上
部位カルテット,はしご(部位),3,1本化,同じ部位の語が4語以上
雀頭一筋,雀頭型,2,1本化,雀頭が略称で、同じ語幹の語が手に1語以上
雀頭ぞっこん,雀頭型,3,1本化,雀頭が略称で、同じ語幹の語が手に2語以上
修飾牌三昧,はしご(修飾牌),2,1本化,同じ修飾牌を使う語が3語以上
繰り返し,×2型,1,新規,×2語が2語以上
連呼地獄,×2型,3,新規,×2語が3語以上
