CPU,研究♡,呼び名,しきい値,手数,語の組の接続率%,500点止まり%,中央値,平均,上位10%,上位1%,最大
強CPU,0,無知,4,1582,21.3,2.0,5250.0,42743,45000.0,360000.0,18900000.0
強CPU,1,恥ずかしい,3,1582,41.1,0.4,30000.0,274606,472500.0,3780000.0,24097500.0
強CPU,2,すけべ,2,1582,58.3,0.1,180000.0,3704703,4961250.0,60243750.0,370321875.0
弱CPU,0,無知,4,1493,21.5,2.2,6000.0,54902,45000.0,495000.0,18900000.0
弱CPU,1,恥ずかしい,3,1493,41.5,0.3,30000.0,333201,472500.0,7087500.0,49612500.0
弱CPU,2,すけべ,2,1493,58.4,0.2,157500.0,3110862,5670000.0,53156250.0,292359375.0
点を狙うCPU,0,無知,4,3462,21.6,3.0,5500.0,60156,82500.0,765000.0,15120000.0
点を狙うCPU,1,恥ずかしい,3,9164,42.1,0.3,33750.0,796654,472500.0,6300000.0,1871100000.0
点を狙うCPU,2,すけべ,2,1453,59.0,0.0,180000.0,5228815,5670000.0,70875000.0,701662500.0
無作為の手,0,無知,4,2000,18.3,13.9,2500.0,12607,21000.0,135000.0,2520000.0
無作為の手,1,恥ずかしい,3,2000,36.5,2.6,10500.0,160300,123750.0,2047500.0,53156250.0
無作為の手,2,すけべ,2,2000,52.0,0.6,52500.0,817062,1102500.0,14175000.0,194906250.0
