CPU,語呂度のしきい値,スロットA,スロットB,つながる%(アガリ手の語5つの組)
強CPU,現状(しきい値3),前置き,前置き,39.4
強CPU,現状(しきい値3),前置き,感情・誘い,4.1
強CPU,現状(しきい値3),前置き,部位,99.5
強CPU,現状(しきい値3),前置き,行為,5.5
強CPU,現状(しきい値3),前置き,音,0.0
強CPU,現状(しきい値3),前置き,反応,0.0
強CPU,現状(しきい値3),前置き,喘ぎ声,0.0
強CPU,現状(しきい値3),感情・誘い,感情・誘い,18.5
強CPU,現状(しきい値3),感情・誘い,部位,40.2
強CPU,現状(しきい値3),感情・誘い,行為,25.8
強CPU,現状(しきい値3),感情・誘い,音,0.0
強CPU,現状(しきい値3),感情・誘い,反応,13.9
強CPU,現状(しきい値3),感情・誘い,喘ぎ声,10.8
強CPU,現状(しきい値3),部位,部位,31.7
強CPU,現状(しきい値3),部位,行為,86.7
強CPU,現状(しきい値3),部位,音,70.5
強CPU,現状(しきい値3),部位,反応,74.8
強CPU,現状(しきい値3),部位,喘ぎ声,14.0
強CPU,現状(しきい値3),行為,行為,11.8
強CPU,現状(しきい値3),行為,音,71.1
強CPU,現状(しきい値3),行為,反応,98.9
強CPU,現状(しきい値3),行為,喘ぎ声,4.6
強CPU,現状(しきい値3),音,音,5.6
強CPU,現状(しきい値3),音,反応,74.4
強CPU,現状(しきい値3),音,喘ぎ声,10.3
強CPU,現状(しきい値3),反応,反応,79.0
強CPU,現状(しきい値3),反応,喘ぎ声,98.0
強CPU,現状(しきい値3),喘ぎ声,喘ぎ声,67.8
強CPU,しきい値を一律+1(4),前置き,前置き,39.4
強CPU,しきい値を一律+1(4),前置き,感情・誘い,0.0
強CPU,しきい値を一律+1(4),前置き,部位,47.6
強CPU,しきい値を一律+1(4),前置き,行為,0.0
強CPU,しきい値を一律+1(4),前置き,音,0.0
強CPU,しきい値を一律+1(4),前置き,反応,0.0
強CPU,しきい値を一律+1(4),前置き,喘ぎ声,0.0
強CPU,しきい値を一律+1(4),感情・誘い,感情・誘い,18.5
強CPU,しきい値を一律+1(4),感情・誘い,部位,4.9
強CPU,しきい値を一律+1(4),感情・誘い,行為,3.6
強CPU,しきい値を一律+1(4),感情・誘い,音,0.0
強CPU,しきい値を一律+1(4),感情・誘い,反応,2.6
強CPU,しきい値を一律+1(4),感情・誘い,喘ぎ声,2.3
強CPU,しきい値を一律+1(4),部位,部位,20.4
強CPU,しきい値を一律+1(4),部位,行為,62.5
強CPU,しきい値を一律+1(4),部位,音,7.0
強CPU,しきい値を一律+1(4),部位,反応,9.5
強CPU,しきい値を一律+1(4),部位,喘ぎ声,6.5
強CPU,しきい値を一律+1(4),行為,行為,10.8
強CPU,しきい値を一律+1(4),行為,音,6.0
強CPU,しきい値を一律+1(4),行為,反応,74.0
強CPU,しきい値を一律+1(4),行為,喘ぎ声,1.6
強CPU,しきい値を一律+1(4),音,音,5.6
強CPU,しきい値を一律+1(4),音,反応,14.9
強CPU,しきい値を一律+1(4),音,喘ぎ声,0.0
強CPU,しきい値を一律+1(4),反応,反応,77.7
強CPU,しきい値を一律+1(4),反応,喘ぎ声,51.3
強CPU,しきい値を一律+1(4),喘ぎ声,喘ぎ声,67.8
強CPU,前置き→部位だけしきい値+1,前置き,前置き,39.4
強CPU,前置き→部位だけしきい値+1,前置き,感情・誘い,4.1
強CPU,前置き→部位だけしきい値+1,前置き,部位,47.6
強CPU,前置き→部位だけしきい値+1,前置き,行為,5.5
強CPU,前置き→部位だけしきい値+1,前置き,音,0.0
強CPU,前置き→部位だけしきい値+1,前置き,反応,0.0
強CPU,前置き→部位だけしきい値+1,前置き,喘ぎ声,0.0
強CPU,前置き→部位だけしきい値+1,感情・誘い,感情・誘い,18.5
強CPU,前置き→部位だけしきい値+1,感情・誘い,部位,40.2
強CPU,前置き→部位だけしきい値+1,感情・誘い,行為,25.8
強CPU,前置き→部位だけしきい値+1,感情・誘い,音,0.0
強CPU,前置き→部位だけしきい値+1,感情・誘い,反応,13.9
強CPU,前置き→部位だけしきい値+1,感情・誘い,喘ぎ声,10.8
強CPU,前置き→部位だけしきい値+1,部位,部位,31.7
強CPU,前置き→部位だけしきい値+1,部位,行為,86.7
強CPU,前置き→部位だけしきい値+1,部位,音,70.5
強CPU,前置き→部位だけしきい値+1,部位,反応,74.8
強CPU,前置き→部位だけしきい値+1,部位,喘ぎ声,14.0
強CPU,前置き→部位だけしきい値+1,行為,行為,11.8
強CPU,前置き→部位だけしきい値+1,行為,音,71.1
強CPU,前置き→部位だけしきい値+1,行為,反応,98.9
強CPU,前置き→部位だけしきい値+1,行為,喘ぎ声,4.6
強CPU,前置き→部位だけしきい値+1,音,音,5.6
強CPU,前置き→部位だけしきい値+1,音,反応,74.4
強CPU,前置き→部位だけしきい値+1,音,喘ぎ声,10.3
強CPU,前置き→部位だけしきい値+1,反応,反応,79.0
強CPU,前置き→部位だけしきい値+1,反応,喘ぎ声,98.0
強CPU,前置き→部位だけしきい値+1,喘ぎ声,喘ぎ声,67.8
弱CPU,現状(しきい値3),前置き,前置き,42.7
弱CPU,現状(しきい値3),前置き,感情・誘い,4.5
弱CPU,現状(しきい値3),前置き,部位,99.0
弱CPU,現状(しきい値3),前置き,行為,5.4
弱CPU,現状(しきい値3),前置き,音,0.0
弱CPU,現状(しきい値3),前置き,反応,0.0
弱CPU,現状(しきい値3),前置き,喘ぎ声,0.0
弱CPU,現状(しきい値3),感情・誘い,感情・誘い,21.2
弱CPU,現状(しきい値3),感情・誘い,部位,40.9
弱CPU,現状(しきい値3),感情・誘い,行為,23.0
弱CPU,現状(しきい値3),感情・誘い,音,0.0
弱CPU,現状(しきい値3),感情・誘い,反応,11.8
弱CPU,現状(しきい値3),感情・誘い,喘ぎ声,10.5
弱CPU,現状(しきい値3),部位,部位,31.0
弱CPU,現状(しきい値3),部位,行為,88.0
弱CPU,現状(しきい値3),部位,音,74.6
弱CPU,現状(しきい値3),部位,反応,76.0
弱CPU,現状(しきい値3),部位,喘ぎ声,13.3
弱CPU,現状(しきい値3),行為,行為,11.6
弱CPU,現状(しきい値3),行為,音,71.7
弱CPU,現状(しきい値3),行為,反応,98.5
弱CPU,現状(しきい値3),行為,喘ぎ声,5.1
弱CPU,現状(しきい値3),音,音,5.9
弱CPU,現状(しきい値3),音,反応,78.4
弱CPU,現状(しきい値3),音,喘ぎ声,10.0
弱CPU,現状(しきい値3),反応,反応,76.8
弱CPU,現状(しきい値3),反応,喘ぎ声,97.8
弱CPU,現状(しきい値3),喘ぎ声,喘ぎ声,63.5
弱CPU,しきい値を一律+1(4),前置き,前置き,42.7
弱CPU,しきい値を一律+1(4),前置き,感情・誘い,0.0
弱CPU,しきい値を一律+1(4),前置き,部位,47.5
弱CPU,しきい値を一律+1(4),前置き,行為,0.0
弱CPU,しきい値を一律+1(4),前置き,音,0.0
弱CPU,しきい値を一律+1(4),前置き,反応,0.0
弱CPU,しきい値を一律+1(4),前置き,喘ぎ声,0.0
弱CPU,しきい値を一律+1(4),感情・誘い,感情・誘い,20.8
弱CPU,しきい値を一律+1(4),感情・誘い,部位,5.9
弱CPU,しきい値を一律+1(4),感情・誘い,行為,2.6
弱CPU,しきい値を一律+1(4),感情・誘い,音,0.0
弱CPU,しきい値を一律+1(4),感情・誘い,反応,1.9
弱CPU,しきい値を一律+1(4),感情・誘い,喘ぎ声,1.9
弱CPU,しきい値を一律+1(4),部位,部位,20.4
弱CPU,しきい値を一律+1(4),部位,行為,61.1
弱CPU,しきい値を一律+1(4),部位,音,7.9
弱CPU,しきい値を一律+1(4),部位,反応,11.5
弱CPU,しきい値を一律+1(4),部位,喘ぎ声,7.0
弱CPU,しきい値を一律+1(4),行為,行為,11.0
弱CPU,しきい値を一律+1(4),行為,音,7.5
弱CPU,しきい値を一律+1(4),行為,反応,75.3
弱CPU,しきい値を一律+1(4),行為,喘ぎ声,1.4
弱CPU,しきい値を一律+1(4),音,音,5.9
弱CPU,しきい値を一律+1(4),音,反応,16.1
弱CPU,しきい値を一律+1(4),音,喘ぎ声,0.0
弱CPU,しきい値を一律+1(4),反応,反応,74.9
弱CPU,しきい値を一律+1(4),反応,喘ぎ声,49.2
弱CPU,しきい値を一律+1(4),喘ぎ声,喘ぎ声,63.5
弱CPU,前置き→部位だけしきい値+1,前置き,前置き,42.7
弱CPU,前置き→部位だけしきい値+1,前置き,感情・誘い,4.5
弱CPU,前置き→部位だけしきい値+1,前置き,部位,47.5
弱CPU,前置き→部位だけしきい値+1,前置き,行為,5.4
弱CPU,前置き→部位だけしきい値+1,前置き,音,0.0
弱CPU,前置き→部位だけしきい値+1,前置き,反応,0.0
弱CPU,前置き→部位だけしきい値+1,前置き,喘ぎ声,0.0
弱CPU,前置き→部位だけしきい値+1,感情・誘い,感情・誘い,21.2
弱CPU,前置き→部位だけしきい値+1,感情・誘い,部位,40.9
弱CPU,前置き→部位だけしきい値+1,感情・誘い,行為,23.0
弱CPU,前置き→部位だけしきい値+1,感情・誘い,音,0.0
弱CPU,前置き→部位だけしきい値+1,感情・誘い,反応,11.8
弱CPU,前置き→部位だけしきい値+1,感情・誘い,喘ぎ声,10.5
弱CPU,前置き→部位だけしきい値+1,部位,部位,31.0
弱CPU,前置き→部位だけしきい値+1,部位,行為,88.0
弱CPU,前置き→部位だけしきい値+1,部位,音,74.6
弱CPU,前置き→部位だけしきい値+1,部位,反応,76.0
弱CPU,前置き→部位だけしきい値+1,部位,喘ぎ声,13.3
弱CPU,前置き→部位だけしきい値+1,行為,行為,11.6
弱CPU,前置き→部位だけしきい値+1,行為,音,71.7
弱CPU,前置き→部位だけしきい値+1,行為,反応,98.5
弱CPU,前置き→部位だけしきい値+1,行為,喘ぎ声,5.1
弱CPU,前置き→部位だけしきい値+1,音,音,5.9
弱CPU,前置き→部位だけしきい値+1,音,反応,78.4
弱CPU,前置き→部位だけしきい値+1,音,喘ぎ声,10.0
弱CPU,前置き→部位だけしきい値+1,反応,反応,76.8
弱CPU,前置き→部位だけしきい値+1,反応,喘ぎ声,97.8
弱CPU,前置き→部位だけしきい値+1,喘ぎ声,喘ぎ声,63.5
