CPU,ステージ,研究♡,条件,着いた挑戦数,突破率%,挑戦(3ゲーム)の回数,1挑戦の達成率%
強CPU,1,0,1,1000,100.0,1008,99.2
強CPU,2,0,2,1000,99.9,1112,89.8
強CPU,3,1,3,999,75.1,1932,38.8
強CPU,4,1,4,750,99.5,766,97.4
強CPU,5,1,5,746,54.0,1298,31.0
強CPU,6,2,6,403,7.2,761,3.8
強CPU,7,2,7,29,100.0,29,100.0
強CPU,8,2,8,29,3.4,49,2.0
弱CPU,1,0,1,1000,100.0,1004,99.6
弱CPU,2,0,2,1000,99.9,1148,87.0
弱CPU,3,1,3,999,77.8,1896,41.0
弱CPU,4,1,4,777,99.1,792,97.2
弱CPU,5,1,5,770,54.3,1322,31.6
弱CPU,6,2,6,418,9.3,781,5.0
弱CPU,7,2,7,39,100.0,39,100.0
弱CPU,8,2,8,39,2.6,58,1.7
点を狙うCPU,1,0,1,1000,100.0,1018,98.2
点を狙うCPU,2,0,2,1000,99.5,1230,80.9
点を狙うCPU,3,1,3,995,63.8,1993,31.9
点を狙うCPU,4,1,4,635,98.3,668,93.4
点を狙うCPU,5,1,5,624,44.1,1145,24.0
点を狙うCPU,6,2,6,275,6.2,464,3.7
点を狙うCPU,7,2,7,17,100.0,17,100.0
点を狙うCPU,8,2,8,17,5.9,27,3.7
