CPU,役,アガリ手での出現率%
強CPU,♂♀,0.506
強CPU,あけなさい,0.126
強CPU,おくちまんこ,0.063
強CPU,くぽっと,2.023
強CPU,ご開帳,0.379
強CPU,しこしこ,1.833
強CPU,しっとり,1.770
強CPU,じっくり責め,3.413
強CPU,じらして絶頂,1.517
強CPU,ぞくぞく,1.201
強CPU,ちゅぱちゅぱ,1.264
強CPU,ちょいエロ,7.459
強CPU,ちら見せ,1.896
強CPU,つがいの営み,0.126
強CPU,とろけ顔,2.781
強CPU,ぬれて開く,2.149
強CPU,ばらばら,2.149
強CPU,ぱいにぶっかけ,0.063
強CPU,ぱっくり,1.327
強CPU,ぶっかけ,2.655
強CPU,ぶっかけでイクっ,1.075
強CPU,ぺろぺろ,1.454
強CPU,まさかのキスアクメ,1.201
強CPU,まんにぶっかけ,0.190
強CPU,らぶイキ,2.465
強CPU,オナニー,8.281
強CPU,オホ声,18.837
強CPU,オホ声・二,1.264
強CPU,キスから絶頂まで,1.011
強CPU,キスしながら喘ぐ,6.764
強CPU,キスの雨,4.425
強CPU,ダブル奉仕,0.000
強CPU,デカめ,0.316
強CPU,ハート多め,10.936
強CPU,フルコース,2.086
強CPU,ラブ系,8.786
強CPU,上目づかい,1.643
強CPU,二色,0.063
強CPU,修飾づくし,16.877
強CPU,修飾牌三昧,2.086
強CPU,前後半々,0.822
強CPU,可愛い声,26.738
強CPU,同じ部位の雀頭,7.901
強CPU,吸いつきご奉仕,2.339
強CPU,命令と服従,0.632
強CPU,命令どおりに,6.637
強CPU,命令口調,0.885
強CPU,命令違反,0.569
強CPU,喘ぎながら絶頂,6.448
強CPU,喘ぎ二重唱,2.149
強CPU,堕ちてイく,0.253
強CPU,多色,1.075
強CPU,女王様,2.149
強CPU,女王様のご命令,0.506
強CPU,媚びまくり,0.885
強CPU,快感系,7.080
強CPU,恋人のキス,13.906
強CPU,本番,1.264
強CPU,準備万端,0.253
強CPU,濡れて絶頂,0.822
強CPU,獣の声,23.894
強CPU,理性崩壊,1.454
強CPU,盛りのついた,1.075
強CPU,穴ふたつ,3.666
強CPU,純愛,2.908
強CPU,素の言葉,1.391
強CPU,絶頂そろい,2.655
強CPU,繰り返し,9.924
強CPU,行為づくし,0.253
強CPU,見せびらかし,2.023
強CPU,見られてイく,0.442
強CPU,語幹に夢中,0.000
強CPU,語幹好き,1.327
強CPU,語頭づくし,0.063
強CPU,調教,0.253
強CPU,赤ちゃんプレイ,2.086
強CPU,連呼地獄,1.075
強CPU,部位カルテット,0.000
強CPU,部位コンビ,8.786
強CPU,部位トリオ,0.190
強CPU,開いてあげる♡,4.867
強CPU,開いてご奉仕,3.793
強CPU,開いてイく,1.517
強CPU,雀頭ぞっこん,0.063
強CPU,雀頭一筋,2.528
強CPU,震えて絶頂,1.391
強CPU,露出ぐせ,0.126
弱CPU,♂♀,0.469
弱CPU,あけなさい,0.268
弱CPU,おくちまんこ,0.134
弱CPU,くぽっと,2.612
弱CPU,ご開帳,0.670
弱CPU,しこしこ,1.741
弱CPU,しっとり,2.277
弱CPU,じっくり責め,3.148
弱CPU,じらして絶頂,1.474
弱CPU,ぞくぞく,1.139
弱CPU,ちゅぱちゅぱ,0.938
弱CPU,ちょいエロ,7.971
弱CPU,ちら見せ,2.009
弱CPU,つがいの営み,0.067
弱CPU,とろけ顔,2.545
弱CPU,ぬれて開く,1.942
弱CPU,ばらばら,1.875
弱CPU,ぱいにぶっかけ,0.268
弱CPU,ぱっくり,1.273
弱CPU,ぶっかけ,3.282
弱CPU,ぶっかけでイクっ,1.206
弱CPU,ぺろぺろ,0.938
弱CPU,まさかのキスアクメ,1.741
弱CPU,まんにぶっかけ,0.268
弱CPU,らぶイキ,2.746
弱CPU,オナニー,7.569
弱CPU,オホ声,17.749
弱CPU,オホ声・二,1.474
弱CPU,キスから絶頂まで,0.938
弱CPU,キスしながら喘ぐ,7.703
弱CPU,キスの雨,3.751
弱CPU,ダブル奉仕,0.000
弱CPU,デカめ,0.268
弱CPU,ハート多め,11.052
弱CPU,フルコース,1.741
弱CPU,ラブ系,8.372
弱CPU,上目づかい,1.875
弱CPU,二色,0.067
弱CPU,修飾づくし,14.334
弱CPU,修飾牌三昧,1.942
弱CPU,前後半々,0.804
弱CPU,可愛い声,25.921
弱CPU,同じ部位の雀頭,8.171
弱CPU,吸いつきご奉仕,2.545
弱CPU,命令と服従,0.670
弱CPU,命令どおりに,6.497
弱CPU,命令口調,0.871
弱CPU,命令違反,0.335
弱CPU,喘ぎながら絶頂,5.425
弱CPU,喘ぎ二重唱,2.344
弱CPU,堕ちてイく,0.268
弱CPU,多色,0.938
弱CPU,女王様,2.277
弱CPU,女王様のご命令,0.335
弱CPU,媚びまくり,0.670
弱CPU,快感系,7.569
弱CPU,恋人のキス,14.200
弱CPU,本番,1.875
弱CPU,準備万端,0.335
弱CPU,濡れて絶頂,0.871
弱CPU,獣の声,19.558
弱CPU,理性崩壊,1.139
弱CPU,盛りのついた,1.072
弱CPU,穴ふたつ,3.617
弱CPU,純愛,2.746
弱CPU,素の言葉,1.474
弱CPU,絶頂そろい,3.215
弱CPU,繰り返し,10.449
弱CPU,行為づくし,0.067
弱CPU,見せびらかし,2.478
弱CPU,見られてイく,0.402
弱CPU,語幹に夢中,0.000
弱CPU,語幹好き,0.938
弱CPU,語頭づくし,0.000
弱CPU,調教,0.268
弱CPU,赤ちゃんプレイ,3.215
弱CPU,連呼地獄,1.139
弱CPU,部位カルテット,0.000
弱CPU,部位コンビ,8.506
弱CPU,部位トリオ,0.268
弱CPU,開いてあげる♡,4.756
弱CPU,開いてご奉仕,3.684
弱CPU,開いてイく,2.277
弱CPU,雀頭ぞっこん,0.000
弱CPU,雀頭一筋,3.148
弱CPU,震えて絶頂,1.808
弱CPU,露出ぐせ,0.402
